-- MySQL dump 10.13  Distrib 8.0.23, for macos10.15 (x86_64)
--
-- Host: localhost    Database: kinopoisk
-- ------------------------------------------------------
-- Server version	8.0.23

/*!40101 SET @OLD_CHARACTER_SET_CLIENT=@@CHARACTER_SET_CLIENT */;
/*!40101 SET @OLD_CHARACTER_SET_RESULTS=@@CHARACTER_SET_RESULTS */;
/*!40101 SET @OLD_COLLATION_CONNECTION=@@COLLATION_CONNECTION */;
/*!50503 SET NAMES utf8mb4 */;
/*!40103 SET @OLD_TIME_ZONE=@@TIME_ZONE */;
/*!40103 SET TIME_ZONE='+00:00' */;
/*!40014 SET @OLD_UNIQUE_CHECKS=@@UNIQUE_CHECKS, UNIQUE_CHECKS=0 */;
/*!40014 SET @OLD_FOREIGN_KEY_CHECKS=@@FOREIGN_KEY_CHECKS, FOREIGN_KEY_CHECKS=0 */;
/*!40101 SET @OLD_SQL_MODE=@@SQL_MODE, SQL_MODE='NO_AUTO_VALUE_ON_ZERO' */;
/*!40111 SET @OLD_SQL_NOTES=@@SQL_NOTES, SQL_NOTES=0 */;

--
-- Table structure for table `afisha`
--

DROP TABLE IF EXISTS `afisha`;
/*!40101 SET @saved_cs_client     = @@character_set_client */;
/*!50503 SET character_set_client = utf8mb4 */;
CREATE TABLE `afisha` (
  `id` bigint unsigned NOT NULL AUTO_INCREMENT,
  `film_id` int unsigned DEFAULT NULL,
  `in_cinema_untill` date DEFAULT NULL,
  `cinema_id` bigint unsigned NOT NULL,
  PRIMARY KEY (`id`),
  KEY `afisha_films_id_fk` (`film_id`),
  KEY `afisha_cinema_id_fk` (`cinema_id`),
  CONSTRAINT `afisha_cinema_id_fk` FOREIGN KEY (`cinema_id`) REFERENCES `cinemas` (`id`),
  CONSTRAINT `afisha_films_id_fk` FOREIGN KEY (`film_id`) REFERENCES `films` (`id`)
) ENGINE=InnoDB AUTO_INCREMENT=101 DEFAULT CHARSET=utf8mb4 COLLATE=utf8mb4_unicode_ci;
/*!40101 SET character_set_client = @saved_cs_client */;

--
-- Dumping data for table `afisha`
--

LOCK TABLES `afisha` WRITE;
/*!40000 ALTER TABLE `afisha` DISABLE KEYS */;
INSERT INTO `afisha` VALUES (1,41,'2021-05-22',36),(2,37,'2021-05-02',35),(3,39,'2021-05-12',43),(4,7,'2021-05-11',40),(5,74,'2021-05-08',16),(6,31,'2021-05-17',33),(7,31,'2021-05-17',29),(8,99,'2021-04-30',10),(9,3,'2021-05-03',27),(10,56,'2021-04-28',10),(11,33,'2021-05-18',2),(12,21,'2021-05-02',46),(13,91,'2021-05-13',41),(14,31,'2021-04-27',8),(15,78,'2021-05-11',23),(16,94,'2021-05-13',17),(17,88,'2021-05-07',19),(18,26,'2021-05-01',8),(19,94,'2021-04-28',14),(20,50,'2021-05-08',36),(21,7,'2021-04-26',10),(22,77,'2021-05-23',12),(23,85,'2021-05-05',28),(24,25,'2021-05-12',28),(25,6,'2021-05-21',31),(26,84,'2021-05-23',20),(27,45,'2021-05-16',4),(28,99,'2021-05-18',37),(29,73,'2021-05-23',20),(30,80,'2021-04-30',41),(31,71,'2021-05-09',3),(32,13,'2021-05-17',24),(33,98,'2021-05-14',24),(34,46,'2021-05-08',42),(35,78,'2021-05-06',21),(36,69,'2021-05-21',11),(37,100,'2021-05-03',18),(38,74,'2021-05-25',33),(39,4,'2021-05-07',12),(40,4,'2021-04-30',25),(41,34,'2021-05-25',11),(42,2,'2021-05-07',24),(43,30,'2021-05-15',5),(44,53,'2021-05-12',19),(45,24,'2021-05-23',5),(46,78,'2021-05-09',31),(47,70,'2021-05-04',34),(48,26,'2021-05-11',14),(49,59,'2021-05-03',7),(50,85,'2021-05-11',43),(51,69,'2021-05-17',46),(52,50,'2021-05-02',37),(53,14,'2021-05-13',26),(54,13,'2021-05-08',6),(55,20,'2021-05-09',32),(56,61,'2021-05-24',6),(57,71,'2021-05-15',12),(58,4,'2021-05-10',23),(59,20,'2021-05-18',31),(60,44,'2021-04-26',19),(61,55,'2021-05-14',31),(62,46,'2021-05-23',21),(63,66,'2021-04-30',5),(64,46,'2021-05-22',1),(65,73,'2021-05-10',29),(66,64,'2021-05-19',26),(67,62,'2021-05-08',29),(68,98,'2021-05-22',9),(69,94,'2021-05-21',8),(70,93,'2021-05-19',9),(71,14,'2021-05-03',6),(72,19,'2021-05-11',29),(73,30,'2021-05-23',38),(74,92,'2021-05-04',15),(75,74,'2021-04-30',39),(76,68,'2021-05-21',4),(77,34,'2021-05-16',22),(78,19,'2021-05-22',31),(79,53,'2021-05-09',40),(80,37,'2021-05-02',24),(81,25,'2021-05-06',41),(82,36,'2021-04-27',17),(83,60,'2021-04-29',49),(84,11,'2021-05-15',30),(85,65,'2021-05-16',22),(86,23,'2021-05-08',43),(87,60,'2021-05-12',21),(88,25,'2021-05-05',2),(89,37,'2021-05-16',38),(90,65,'2021-05-02',49),(91,92,'2021-05-24',34),(92,64,'2021-05-19',7),(93,76,'2021-05-02',19),(94,64,'2021-04-25',2),(95,22,'2021-04-26',1),(96,40,'2021-04-26',48),(97,56,'2021-05-13',48),(98,8,'2021-05-15',27),(99,45,'2021-05-12',31),(100,75,'2021-04-27',45);
/*!40000 ALTER TABLE `afisha` ENABLE KEYS */;
UNLOCK TABLES;

--
-- Table structure for table `celebs`
--

DROP TABLE IF EXISTS `celebs`;
/*!40101 SET @saved_cs_client     = @@character_set_client */;
/*!50503 SET character_set_client = utf8mb4 */;
CREATE TABLE `celebs` (
  `id` int unsigned NOT NULL AUTO_INCREMENT,
  `first_name` varchar(100) CHARACTER SET utf8mb4 COLLATE utf8mb4_unicode_ci NOT NULL,
  `last_name` varchar(100) CHARACTER SET utf8mb4 COLLATE utf8mb4_unicode_ci NOT NULL,
  `created_at` datetime DEFAULT CURRENT_TIMESTAMP,
  `updated_at` datetime DEFAULT CURRENT_TIMESTAMP ON UPDATE CURRENT_TIMESTAMP,
  PRIMARY KEY (`id`),
  KEY `celebs_first_name_last_name_idx` (`first_name`,`last_name`)
) ENGINE=InnoDB AUTO_INCREMENT=101 DEFAULT CHARSET=utf8mb4 COLLATE=utf8mb4_unicode_ci;
/*!40101 SET character_set_client = @saved_cs_client */;

--
-- Dumping data for table `celebs`
--

LOCK TABLES `celebs` WRITE;
/*!40000 ALTER TABLE `celebs` DISABLE KEYS */;
INSERT INTO `celebs` VALUES (1,'Jabari','Torp','1998-11-17 15:08:14','2016-09-09 19:53:39'),(2,'Joshuah','Tillman','1989-04-19 22:07:49','2019-02-12 19:36:08'),(3,'Van','McLaughlin','1963-12-15 00:37:21','2014-07-02 09:54:40'),(4,'Humberto','Konopelski','1950-02-15 22:55:52','2021-04-04 07:19:15'),(5,'Jarred','Schuppe','1987-05-11 14:34:37','2012-01-04 05:58:08'),(6,'Leann','Turner','1990-05-11 20:11:52','2019-12-11 06:02:46'),(7,'Krista','Runolfsdottir','2017-12-06 19:40:25','2021-03-02 16:40:43'),(8,'Alvah','Green','1986-06-28 04:32:12','2011-07-07 22:13:26'),(9,'Maximus','Lang','2005-09-05 22:32:40','2017-08-31 20:55:12'),(10,'Ozella','Wyman','1956-08-19 04:18:10','2019-04-30 01:37:05'),(11,'Herbert','Koelpin','2020-05-25 11:02:45','2021-05-25 21:51:36'),(12,'Keanu','Corkery','2018-11-24 18:35:01','2021-05-25 21:51:36'),(13,'Marcia','Lockman','1964-09-25 08:15:03','2020-03-08 21:06:00'),(14,'Angelita','Jast','1963-05-10 09:08:56','2013-09-01 15:16:48'),(15,'Aric','Schroeder','1950-03-26 17:29:12','2012-03-24 03:45:28'),(16,'Ellen','Ullrich','2020-03-01 04:26:58','2021-05-25 21:51:36'),(17,'Lia','Hegmann','1967-09-19 01:44:26','2020-05-24 15:02:51'),(18,'Domingo','Hammes','1961-12-06 15:17:18','2012-02-22 03:52:50'),(19,'Sydni','Bradtke','1998-06-05 23:58:38','2018-11-28 17:33:14'),(20,'Flo','Haley','2011-03-27 20:46:34','2013-10-07 08:13:24'),(21,'Willow','Beier','1922-08-28 19:25:39','2019-12-07 14:52:18'),(22,'Manuel','Fritsch','1936-02-08 12:42:58','2019-10-30 21:34:50'),(23,'Kaylee','Conroy','1936-12-15 04:33:13','2014-11-10 09:52:03'),(24,'Norris','Champlin','1980-04-16 19:03:18','2018-04-29 11:24:10'),(25,'Prudence','Rodriguez','1977-09-25 04:14:26','2014-10-28 00:55:41'),(26,'Elvie','Hermiston','1993-05-26 03:35:34','2014-08-10 08:42:39'),(27,'Carlos','Muller','2006-08-21 02:40:24','2017-07-15 20:05:07'),(28,'Jameson','Rath','1983-03-20 16:33:16','2015-02-26 11:42:41'),(29,'Isabelle','Weimann','1974-12-15 05:15:11','2018-08-03 05:09:33'),(30,'Leann','Beahan','1972-10-22 22:31:01','2014-12-10 05:25:36'),(31,'Bella','Buckridge','1932-02-23 06:22:38','2015-07-21 09:17:14'),(32,'Rudolph','Considine','2019-10-21 21:29:16','2020-11-30 16:49:43'),(33,'Claudia','Littel','1925-02-18 00:21:40','2015-04-16 20:28:35'),(34,'Ben','Anderson','1935-12-31 01:51:14','2013-11-17 13:31:28'),(35,'Wava','Runte','1931-10-05 00:47:54','2016-11-17 05:21:00'),(36,'Christop','O\'Keefe','2007-11-10 02:33:24','2015-05-23 05:57:51'),(37,'Jakayla','Bauch','1948-02-01 15:41:02','2021-01-14 04:16:11'),(38,'Edward','Emmerich','1971-06-14 04:20:57','2014-03-14 13:25:13'),(39,'Thora','Bernier','1991-02-15 13:08:44','2017-06-21 09:23:02'),(40,'Ramiro','McGlynn','1962-02-19 10:31:05','2020-06-28 10:02:27'),(41,'Anastacio','Beer','1980-05-09 00:47:09','2016-07-01 20:29:18'),(42,'Damien','Fisher','1948-09-11 04:04:19','2018-12-21 06:36:24'),(43,'Kacey','Wisoky','1927-05-08 21:14:21','2015-06-06 14:39:03'),(44,'Pattie','Buckridge','2015-08-17 21:06:36','2016-06-13 14:22:20'),(45,'Tessie','Moore','1968-02-18 07:17:43','2016-01-28 16:43:12'),(46,'Emil','Schinner','1978-11-22 06:55:12','2014-07-28 16:44:56'),(47,'Amie','O\'Kon','1999-11-25 22:00:24','2016-03-23 21:16:21'),(48,'Americo','Bernier','1975-10-27 10:36:32','2021-05-20 10:33:23'),(49,'Ned','Crooks','2012-04-27 00:22:18','2016-03-20 01:28:31'),(50,'Liza','Hackett','1974-07-08 08:45:43','2012-05-07 13:06:35'),(51,'Dameon','Bayer','2021-03-11 08:30:39','2021-05-25 21:51:36'),(52,'Mia','Reilly','1961-06-30 20:26:03','2013-07-16 14:14:06'),(53,'Shany','Nolan','1972-11-28 10:34:10','2018-05-14 22:46:53'),(54,'Daniela','Pollich','1999-12-08 10:37:33','2017-10-12 03:08:33'),(55,'George','Goyette','1984-03-05 16:06:24','2019-02-11 20:10:58'),(56,'Serena','Shanahan','2007-11-09 13:26:39','2011-07-10 19:36:04'),(57,'Faye','Pagac','1949-09-15 08:48:44','2019-08-02 08:24:47'),(58,'Meta','Lehner','2001-12-16 11:41:35','2020-01-20 13:06:36'),(59,'Hector','Cummerata','2008-04-25 17:48:36','2019-12-16 19:20:34'),(60,'Misael','O\'Keefe','1949-03-17 11:31:06','2020-06-27 22:26:27'),(61,'Immanuel','Larkin','1924-03-21 02:27:38','2015-06-01 07:16:04'),(62,'Arturo','Windler','2016-09-20 01:21:11','2021-05-25 21:51:36'),(63,'Ruben','Emard','1954-04-30 13:22:10','2016-07-01 19:37:13'),(64,'Vida','Brown','1956-04-05 06:23:05','2019-06-19 04:03:36'),(65,'Tara','Stokes','1994-03-25 22:26:55','2014-03-13 04:57:29'),(66,'Luis','Kirlin','1933-02-06 13:30:10','2017-01-22 13:11:20'),(67,'Carter','Hudson','1994-04-07 20:15:17','2018-07-25 20:07:23'),(68,'Antonina','White','1961-07-23 07:32:05','2014-06-02 21:51:11'),(69,'Lexie','Heathcote','1927-07-18 15:01:45','2015-09-06 23:14:24'),(70,'Kirsten','Treutel','1984-01-18 05:06:00','2011-10-28 12:35:45'),(71,'Tiara','Ratke','2002-11-05 18:25:48','2015-11-06 04:35:26'),(72,'Demetrius','Mueller','1992-03-05 19:19:50','2017-01-22 05:26:48'),(73,'Carolina','Batz','1996-08-30 06:13:55','2020-04-03 05:19:36'),(74,'Hunter','Kutch','2004-06-26 00:22:10','2020-07-13 13:36:03'),(75,'Cloyd','Schinner','1996-01-20 02:09:37','2019-07-19 05:43:54'),(76,'Cletus','Balistreri','1980-08-27 06:28:37','2017-06-06 12:59:52'),(77,'Albertha','Orn','1952-03-17 11:45:18','2018-10-19 06:01:29'),(78,'Hillary','Walsh','1977-04-10 16:03:34','2013-06-21 04:54:08'),(79,'Audrey','Pollich','1957-11-27 22:29:34','2013-01-03 04:33:28'),(80,'Eloy','Swaniawski','1974-12-07 04:42:52','2019-06-14 00:43:34'),(81,'Lacy','Dietrich','1994-09-27 14:13:48','2012-02-01 22:02:47'),(82,'Sabryna','Becker','1991-12-15 17:11:10','2016-09-06 18:02:07'),(83,'Kenyon','Greenfelder','1966-01-19 01:58:40','2014-07-18 12:54:21'),(84,'Sophie','Kuphal','1967-05-05 01:09:10','2018-10-07 02:51:31'),(85,'Creola','Gottlieb','1976-10-28 20:25:18','2014-07-28 20:50:19'),(86,'Javier','Homenick','1946-10-08 21:18:57','2015-07-22 16:23:10'),(87,'Juliet','Baumbach','1921-06-08 22:30:11','2015-03-27 12:53:58'),(88,'Emmalee','Daniel','1988-03-21 14:49:35','2012-02-22 04:52:07'),(89,'Melba','Durgan','2013-02-07 21:51:03','2015-12-12 03:20:54'),(90,'Rosa','Kling','1950-11-15 06:56:13','2013-07-22 11:09:05'),(91,'Rylee','Conn','1991-08-18 16:33:15','2020-09-26 06:22:47'),(92,'Frida','Wolff','1970-06-22 16:01:09','2018-05-08 18:42:50'),(93,'Flossie','Tillman','2012-06-14 10:10:36','2019-07-15 20:33:39'),(94,'Zena','Rath','2014-03-09 03:23:45','2021-05-25 21:51:36'),(95,'Wanda','Dach','1976-09-22 00:33:48','2019-08-31 05:00:23'),(96,'Jonas','Kuhlman','1981-05-02 02:41:27','2014-07-03 23:17:46'),(97,'Omari','McClure','1939-10-26 14:33:39','2020-09-04 04:12:40'),(98,'Adah','Lehner','1977-10-21 22:29:53','2014-06-19 18:48:29'),(99,'Maximo','Lueilwitz','1972-11-05 00:32:06','2012-06-28 00:55:02'),(100,'Vincenza','Johns','1949-08-17 17:20:16','2020-12-17 22:22:32');
/*!40000 ALTER TABLE `celebs` ENABLE KEYS */;
UNLOCK TABLES;

--
-- Table structure for table `celebs_profiles`
--

DROP TABLE IF EXISTS `celebs_profiles`;
/*!40101 SET @saved_cs_client     = @@character_set_client */;
/*!50503 SET character_set_client = utf8mb4 */;
CREATE TABLE `celebs_profiles` (
  `celeb_id` int unsigned NOT NULL AUTO_INCREMENT,
  `sex` enum('M','F') COLLATE utf8mb4_unicode_ci DEFAULT NULL,
  `birthday` date NOT NULL,
  `city_id` int unsigned DEFAULT NULL,
  `country_id` int unsigned DEFAULT NULL,
  `about` text CHARACTER SET utf8mb4 COLLATE utf8mb4_unicode_ci NOT NULL,
  `photo_id` int unsigned DEFAULT NULL,
  PRIMARY KEY (`celeb_id`),
  UNIQUE KEY `photo_id` (`photo_id`),
  KEY `celebs_profiles_city_id_fk` (`city_id`),
  KEY `celebs_profiles_country_id_fk` (`country_id`),
  KEY `celebs_profiles_birthday_sex_idx` (`birthday`,`sex`),
  CONSTRAINT `celebs_profiles_city_id_fk` FOREIGN KEY (`city_id`) REFERENCES `cities` (`id`),
  CONSTRAINT `celebs_profiles_country_id_fk` FOREIGN KEY (`country_id`) REFERENCES `countries` (`id`),
  CONSTRAINT `celebs_profiles_user_id_fk` FOREIGN KEY (`celeb_id`) REFERENCES `celebs` (`id`) ON DELETE CASCADE
) ENGINE=InnoDB AUTO_INCREMENT=101 DEFAULT CHARSET=utf8mb4 COLLATE=utf8mb4_unicode_ci;
/*!40101 SET character_set_client = @saved_cs_client */;

--
-- Dumping data for table `celebs_profiles`
--

LOCK TABLES `celebs_profiles` WRITE;
/*!40000 ALTER TABLE `celebs_profiles` DISABLE KEYS */;
INSERT INTO `celebs_profiles` VALUES (1,'M','2015-12-10',48,13,'I to get hold of it; so, after hunting all about it!\' and he checked himself suddenly: the others all joined in chorus, \'Yes, please do!\' pleaded Alice. \'And ever since that,\' the Hatter continued,.',119),(2,'M','2020-12-15',48,4,'WHAT?\' thought Alice; \'only, as it\'s asleep, I suppose Dinah\'ll be sending me on messages next!\' And she began fancying the sort of circle, (\'the exact shape doesn\'t matter,\' it said,) and then said.',35),(3,'M','2016-08-18',53,47,'Mock Turtle; \'but it doesn\'t understand English,\' thought Alice; \'only, as it\'s asleep, I suppose I ought to be a comfort, one way--never to be no use their putting their heads down and cried..',319),(4,'M','2017-08-14',22,85,'Alice, and sighing. \'It IS a long argument with the distant sobs of the Lizard\'s slate-pencil, and the March Hare went on. \'We had the best thing to get through was more and more puzzled, but she.',491),(5,'F','2011-06-12',2,60,'I shan\'t! YOU do it!--That I won\'t, then!--Bill\'s to go after that into a butterfly, I should think very likely to eat her up in spite of all her life. Indeed, she had to pinch it to annoy, Because.',498),(6,'F','2018-10-15',83,40,'So they went on in a sulky tone; \'Seven jogged my elbow.\' On which Seven looked up and say \"How doth the little golden key and hurried off to the beginning of the ground, Alice soon began talking.',19),(7,'M','2011-09-19',65,85,'Gryphon. \'I\'ve forgotten the Duchess said in an undertone, \'important--unimportant--unimportant--important--\' as if he had taken advantage of the garden: the roses growing on it except a tiny little.',101),(8,'F','2018-11-26',80,39,'Mind now!\' The poor little thing sobbed again (or grunted, it was over at last: \'and I do it again and again.\' \'You are old, Father William,\' the young lady to see if she had made her draw back in.',447),(9,'M','2019-06-22',50,20,'So she began thinking over other children she knew she had tired herself out with trying, the poor little thing sobbed again (or grunted, it was good manners for her neck would bend about easily in.',434),(10,'F','2013-05-22',40,21,'What happened to me! I\'LL soon make you dry enough!\' They all made of solid glass; there was a little worried. \'Just about as it settled down again into its face to see if she could get to the.',327),(11,'F','2018-08-12',44,90,'I should have croqueted the Queen\'s absence, and were quite silent, and looked at it again: but he would deny it too: but the three were all writing very busily on slates. \'What are tarts made of?\'.',336),(12,'F','2015-05-17',55,85,'Alice, and tried to beat them off, and that in about half no time! Take your choice!\' The Duchess took no notice of her voice. Nobody moved. \'Who cares for fish, Game, or any other dish? Who would.',200),(13,'F','2016-08-03',56,55,'Knave of Hearts, she made some tarts, All on a bough of a tree a few minutes, and she put them into a sort of circle, (\'the exact shape doesn\'t matter,\' it said,) and then nodded. \'It\'s no use.',492),(14,'F','2015-10-15',46,29,'I think--\' (she was rather glad there WAS no one to listen to me! I\'LL soon make you grow shorter.\' \'One side of the garden: the roses growing on it in a moment that it might tell her something.',360),(15,'M','2014-10-07',7,55,'Alice in a whisper.) \'That would be as well as she could, for the moment she appeared on the glass table and the White Rabbit, \'but it seems to be talking in a coaxing tone, and everybody laughed,.',325),(16,'F','2012-08-05',72,55,'CAN all that green stuff be?\' said Alice. \'It goes on, you know,\' the Hatter went on at last, they must needs come wriggling down from the trees behind him. \'--or next day, maybe,\' the Footman.',45),(17,'F','2020-01-21',67,19,'Take your choice!\' The Duchess took no notice of them attempted to explain the mistake it had grown so large in the house of the jury eagerly wrote down all three dates on their slates, \'SHE doesn\'t.',249),(18,'M','2021-02-24',59,19,'So she called softly after it, and finding it very hard indeed to make personal remarks,\' Alice said nothing: she had never been so much into the roof was thatched with fur. It was so ordered about.',110),(19,'M','2016-11-23',65,81,'Soon her eye fell upon a Gryphon, lying fast asleep in the middle, wondering how she was now only ten inches high, and was beating her violently with its mouth open, gazing up into the air off all.',303),(20,'M','2012-02-21',3,67,'Lobster Quadrille is!\' \'No, indeed,\' said Alice. \'I don\'t know where Dinn may be,\' said the Pigeon; \'but if you\'ve seen them so often, of course was, how to spell \'stupid,\' and that makes them.',189),(21,'M','2012-12-31',40,86,'Alice. \'Call it what you like,\' said the Dodo suddenly called out in a minute. Alice began in a few minutes she heard a voice outside, and stopped to listen. The Fish-Footman began by producing from.',33),(22,'F','2019-08-21',7,5,'Turtle--we used to come once a week: HE taught us Drawling, Stretching, and Fainting in Coils.\' \'What was THAT like?\' said Alice. \'Come on, then,\' said Alice, who felt very lonely and low-spirited..',100),(23,'M','2016-04-05',70,86,'And certainly there was enough of it at all. \'But perhaps he can\'t help it,\' said Five, \'and I\'ll tell you my adventures--beginning from this side of the cattle in the direction in which case it.',403),(24,'M','2016-01-24',43,20,'Alice crouched down among the leaves, which she had known them all her riper years, the simple rules their friends had taught them: such as, that a red-hot poker will burn you if you were all.',214),(25,'M','2015-11-17',6,82,'AT ALL. Soup does very well without--Maybe it\'s always pepper that had made out the words: \'Where\'s the other bit. Her chin was pressed hard against it, that attempt proved a failure. Alice heard.',363),(26,'M','2016-05-13',40,50,'Duchess\'s knee, while plates and dishes crashed around it--once more the shriek of the house, and have next to her. The Cat seemed to Alice an excellent opportunity for repeating his remark, with.',173),(27,'M','2021-01-15',72,95,'I know?\' said Alice, and she thought it would,\' said the Gryphon interrupted in a twinkling! Half-past one, time for dinner!\' (\'I only wish people knew that: then they wouldn\'t be in a VERY.',277),(28,'M','2016-06-06',34,27,'The Caterpillar was the White Rabbit cried out, \'Silence in the court!\' and the baby violently up and rubbed its eyes: then it watched the Queen to-day?\' \'I should like to see its meaning. \'And just.',367),(29,'M','2015-12-05',49,79,'I\'m sure I have to turn into a conversation. Alice felt that she had caught the baby with some difficulty, as it was very fond of pretending to be a lesson to you how the Dodo suddenly called out.',4),(30,'F','2012-11-24',56,56,'Alice dear!\' said her sister; \'Why, what are YOUR shoes done with?\' said the Hatter, and here the Mock Turtle interrupted, \'if you don\'t explain it is all the time they had a large pool all round.',419),(31,'M','2020-07-08',33,27,'Lory. Alice replied very readily: \'but that\'s because it stays the same tone, exactly as if she was not a regular rule: you invented it just missed her. Alice caught the flamingo and brought it.',83),(32,'F','2016-10-20',10,100,'Hatter, \'I cut some more of it at all,\' said Alice: \'three inches is such a noise inside, no one could possibly hear you.\' And certainly there was nothing on it were white, but there was nothing on.',157),(33,'M','2020-12-21',46,69,'The Cat only grinned a little of it?\' said the Dodo, \'the best way you can;--but I must go by the time he was speaking, and this Alice would not stoop? Soup of the cattle in the beautiful garden,.',38),(34,'M','2019-09-22',18,10,'White Rabbit: it was too small, but at last came a rumbling of little Alice was just possible it had no reason to be full of the March Hare. Visit either you like: they\'re both mad.\' \'But I don\'t.',221),(35,'F','2011-12-27',49,21,'Alice looked all round her, about the same when I got up in her hands, wondering if anything would EVER happen in a thick wood. \'The first thing she heard a little nervous about it just now.\' \'It\'s.',490),(36,'F','2012-11-10',77,89,'Alice, \'or perhaps they won\'t walk the way I ought to have lessons to learn! No, I\'ve made up my mind about it; and while she ran, as well she might, what a Gryphon is, look at a king,\' said Alice..',288),(37,'F','2018-04-05',7,83,'I only knew the meaning of half those long words, and, what\'s more, I don\'t put my arm round your waist,\' the Duchess sneezed occasionally; and as it settled down again, the cook took the least idea.',472),(38,'M','2011-10-21',93,77,'I ever saw one that size? Why, it fills the whole thing very absurd, but they all spoke at once, in a hoarse growl, \'the world would go through,\' thought poor Alice, and she hurried out of the.',493),(39,'F','2014-12-09',69,36,'Queen, and in a low curtain she had to leave off this minute!\' She generally gave herself very good advice, (though she very good-naturedly began hunting about for a minute, nurse! But I\'ve got to.',53),(40,'F','2015-05-28',96,75,'I was a dead silence instantly, and neither of the pack, she could remember them, all these changes are! I\'m never sure what I\'m going to leave the court; but on the top of it. Presently the Rabbit.',285),(41,'M','2020-04-05',18,36,'It was all about, and called out as loud as she picked up a little of her sister, as well as I used--and I don\'t think,\' Alice went timidly up to her full size by this time, sat down with her head!\'.',268),(42,'F','2015-02-09',24,89,'Alice, as she passed; it was all very well as she added, \'and the moral of that is--\"Oh, \'tis love, that makes people hot-tempered,\' she went back to the seaside once in her French lesson-book. The.',483),(43,'F','2018-06-26',30,57,'WHAT?\' thought Alice to herself, as she could. \'The Dormouse is asleep again,\' said the King; and as it left no mark on the table. \'Have some wine,\' the March Hare said in a melancholy air, and,.',113),(44,'F','2015-01-19',16,78,'Alice, \'and if it had a little startled by seeing the Cheshire Cat: now I shall fall right THROUGH the earth! How funny it\'ll seem to encourage the witness at all: he kept shifting from one of the.',115),(45,'M','2012-02-23',35,71,'VERY tired of this. I vote the young lady tells us a story!\' said the Pigeon the opportunity of taking it away. She did not much like keeping so close to them, and then keep tight hold of this sort.',238),(46,'M','2019-01-26',33,68,'Dinn may be,\' said the Duchess, as she could not be denied, so she went on saying to herself \'This is Bill,\' she gave her one, they gave him two, You gave us three or more; They all sat down and.',343),(47,'F','2013-04-03',98,43,'Elsie, Lacie, and Tillie; and they walked off together. Alice laughed so much contradicted in her lessons in the same as they were all turning into little cakes as they lay sprawling about,.',7),(48,'M','2013-10-29',68,43,'ME,\' but nevertheless she uncorked it and put it right; \'not that it was an old Crab took the hookah into its face was quite impossible to say when I get SOMEWHERE,\' Alice added as an explanation..',489),(49,'F','2016-06-10',12,85,'Alice. \'And ever since that,\' the Hatter and the baby at her feet, they seemed to listen, the whole she thought it must be the right height to be.\' \'It is wrong from beginning to write this down on.',436),(50,'M','2013-01-10',53,60,'Alice thought to herself that perhaps it was good practice to say to itself, \'Oh dear! Oh dear! I shall have to go through next walking about at the sudden change, but very politely: \'Did you say.',11),(51,'M','2018-11-26',6,30,'Dinah stop in the other: the only one way of expressing yourself.\' The baby grunted again, and did not seem to dry me at home! Why, I haven\'t been invited yet.\' \'You\'ll see me there,\' said the White.',264),(52,'M','2019-12-31',48,12,'Rabbit-Hole Alice was soon left alone. \'I wish the creatures order one about, and crept a little three-legged table, all made a snatch in the middle, nursing a baby; the cook had disappeared. \'Never.',175),(53,'F','2013-05-16',12,41,'For instance, suppose it were white, but there were three gardeners instantly jumped up, and began picking them up again with a round face, and large eyes like a telescope! I think it was,\' he said..',86),(54,'M','2012-06-21',88,81,'Alice in a natural way again. \'I should like it very much,\' said Alice; \'you needn\'t be so easily offended, you know!\' The Mouse did not like to be a lesson to you never to lose YOUR temper!\' \'Hold.',404),(55,'F','2019-11-26',77,84,'I give it up,\' Alice replied: \'what\'s the answer?\' \'I haven\'t the least notice of her voice, and see that the Queen never left off staring at the Lizard in head downwards, and the little golden key,.',263),(56,'M','2018-12-22',55,94,'So they got thrown out to sea. So they began running about in all their simple sorrows, and find a pleasure in all my life, never!\' They had a pencil that squeaked. This of course, to begin at HIS.',102),(57,'M','2013-07-24',19,78,'Lory. Alice replied very politely, \'for I can\'t put it to speak again. The Mock Turtle\'s heavy sobs. Lastly, she pictured to herself \'It\'s the oldest rule in the trial one way up as the jury.',224),(58,'M','2015-01-15',83,48,'Gryphon, and the whole party look so grave that she still held the pieces of mushroom in her brother\'s Latin Grammar, \'A mouse--of a mouse--to a mouse--a mouse--O mouse!\') The Mouse looked at the.',312),(59,'F','2017-12-14',34,98,'VERY much out of the sea.\' \'I couldn\'t afford to learn it.\' said the King, \'that only makes the world go round!\"\' \'Somebody said,\' Alice whispered, \'that it\'s done by everybody minding their own.',390),(60,'F','2019-11-15',25,69,'She soon got it out into the garden at once; but, alas for poor Alice! when she first saw the Mock Turtle angrily: \'really you are painting those roses?\' Five and Seven said nothing, but looked at.',16),(61,'F','2020-11-05',69,58,'Go on!\' \'I\'m a poor man, your Majesty,\' said Alice to herself. (Alice had no reason to be lost, as she could, for the garden!\' and she went on, \'--likely to win, that it\'s hardly worth while.',410),(62,'M','2014-02-19',37,67,'Footman went on so long since she had read about them in books, and she could not make out that one of the jury eagerly wrote down on one side, to look for her, and she jumped up on to her to wink.',0),(63,'M','2014-11-18',1,4,'Oh, how I wish I hadn\'t cried so much!\' Alas! it was out of the doors of the same thing, you know.\' Alice had learnt several things of this pool? I am very tired of sitting by her sister was.',274),(64,'M','2018-05-24',9,12,'Alice did not answer, so Alice went on eagerly. \'That\'s enough about lessons,\' the Gryphon whispered in reply, \'for fear they should forget them before the trial\'s begun.\' \'They\'re putting down.',368),(65,'M','2014-02-21',89,61,'I\'ll eat it,\' said Alice very meekly: \'I\'m growing.\' \'You\'ve no right to think,\' said Alice to herself, rather sharply; \'I advise you to offer it,\' said the King, \'that saves a world of trouble, you.',17),(66,'M','2015-06-24',72,95,'Then she went back to the Knave of Hearts, and I never understood what it was empty: she did not like to be beheaded!\' \'What for?\' said Alice. \'Well, then,\' the Cat in a hot tureen! Who for such.',484),(67,'F','2018-05-19',90,20,'Mock Turtle went on at last, they must needs come wriggling down from the roof. There were doors all round the rosetree; for, you see, Miss, this here ought to have got altered.\' \'It is wrong from.',371),(68,'M','2012-07-06',6,2,'Hatter asked triumphantly. Alice did not wish to offend the Dormouse crossed the court, without even waiting to put it more clearly,\' Alice replied in an agony of terror. \'Oh, there goes his.',401),(69,'M','2016-11-04',61,94,'Mock Turtle, and to wonder what was on the end of half an hour or so there were any tears. No, there were a Duck and a fan! Quick, now!\' And Alice was not a regular rule: you invented it just now.\'.',392),(70,'M','2013-09-12',83,37,'YOU sing,\' said the Mock Turtle in a very little use without my shoulders. Oh, how I wish you were all turning into little cakes as they would die. \'The trial cannot proceed,\' said the Lory.',257),(71,'M','2015-06-27',78,37,'Alice in a very deep well. Either the well was very glad to find that the Gryphon never learnt it.\' \'Hadn\'t time,\' said the Duchess, digging her sharp little chin into Alice\'s head. \'Is that the.',109),(72,'F','2017-01-25',31,96,'The master was an immense length of neck, which seemed to think this a very truthful child; \'but little girls of her knowledge. \'Just think of anything else. CHAPTER V. Advice from a Caterpillar The.',111),(73,'M','2014-12-19',14,13,'For some minutes the whole party swam to the other, looking uneasily at the door opened inwards, and Alice\'s first thought was that it ought to speak, and no one else seemed inclined to say whether.',58),(74,'F','2013-05-16',43,48,'CAN all that stuff,\' the Mock Turtle yawned and shut his note-book hastily. \'Consider your verdict,\' he said to Alice, she went on. \'I do,\' Alice hastily replied; \'at least--at least I mean what I.',458),(75,'M','2019-08-06',11,68,'Mouse had changed his mind, and was going to happen next. \'It\'s--it\'s a very melancholy voice. \'Repeat, \"YOU ARE OLD, FATHER WILLIAM,\' to the law, And argued each case with my wife; And the moral of.',244),(76,'M','2014-02-14',17,80,'Alice had no reason to be seen: she found this a very melancholy voice. \'Repeat, \"YOU ARE OLD, FATHER WILLIAM,\' to the Gryphon. \'How the creatures wouldn\'t be so easily offended, you know!\' The.',219),(77,'M','2018-02-11',26,53,'Alice guessed in a natural way again. \'I wonder what they\'ll do next! As for pulling me out of the house till she fancied she heard her sentence three of the treat. When the pie was all dark.',239),(78,'F','2015-04-25',46,27,'Mouse, frowning, but very glad that it led into a sort of lullaby to it in time,\' said the March Hare. \'Yes, please do!\' but the three gardeners, but she knew that it might appear to others that.',37),(79,'M','2012-10-22',57,54,'French and music.\' \'And washing?\' said the Caterpillar contemptuously. \'Who are YOU?\' Which brought them back again to the porpoise, \"Keep back, please: we don\'t want to get in?\' \'There might be.',469),(80,'F','2020-09-09',39,45,'At last the Mock Turtle, suddenly dropping his voice; and the other queer noises, would change to tinkling sheep-bells, and the small ones choked and had just begun to repeat it, but her head down.',234),(81,'F','2020-02-18',15,10,'I like\"!\' \'You might just as well say,\' added the March Hare was said to herself how this same little sister of hers that you couldn\'t cut off a little hot tea upon its forehead (the position in.',266),(82,'F','2020-10-13',39,5,'White Rabbit interrupted: \'UNimportant, your Majesty means, of course,\' he said to the door. \'Call the next witness!\' said the White Rabbit, trotting slowly back to finish his story. CHAPTER IV. The.',126),(83,'F','2017-07-15',30,45,'Duck: \'it\'s generally a ridge or furrow in the sea, some children digging in the direction it pointed to, without trying to invent something!\' \'I--I\'m a little sharp bark just over her head down to.',332),(84,'F','2017-12-05',7,90,'Duchess and the reason of that?\' \'In my youth,\' Father William replied to his ear. Alice considered a little way forwards each time and a piece of rudeness was more than Alice could hardly hear the.',233),(85,'M','2020-09-24',39,89,'Who ever saw in another moment down went Alice like the tone of great relief. \'Call the first verse,\' said the Mock Turtle. So she tucked her arm affectionately into Alice\'s, and they walked off.',427),(86,'F','2018-11-14',26,16,'After a minute or two to think about it, and they sat down and looked very anxiously into its eyes were nearly out of sight, they were all locked; and when she had peeped into the wood. \'If it had.',282),(87,'M','2021-05-03',26,57,'Gryphon, and all that,\' he said to herself, \'to be going messages for a minute or two, she made out the answer to shillings and pence. \'Take off your hat,\' the King had said that day. \'A likely.',131),(88,'M','2018-09-09',11,39,'Alice called out \'The race is over!\' and they went on growing, and, as they were nowhere to be afraid of interrupting him,) \'I\'ll give him sixpence. _I_ don\'t believe you do either!\' And the Eaglet.',309),(89,'F','2017-07-29',69,54,'Alice, who always took a minute or two to think that will be much the most curious thing I ask! It\'s always six o\'clock now.\' A bright idea came into Alice\'s head. \'Is that the hedgehog a blow with.',151),(90,'F','2016-07-10',87,80,'Mock Turtle replied, counting off the subjects on his knee, and the procession came opposite to Alice, flinging the baby violently up and said, without even waiting to put everything upon Bill! I.',330),(91,'M','2017-11-29',22,3,'CHAPTER VIII. The Queen\'s argument was, that anything that had a bone in his note-book, cackled out \'Silence!\' and read as follows:-- \'The Queen will hear you! You see, she came upon a time she.',196),(92,'M','2016-03-21',60,47,'Alice was only a child!\' The Queen smiled and passed on. \'Who ARE you talking to?\' said the King. \'Shan\'t,\' said the Duchess. \'Everything\'s got a moral, if only you can have no sort of meaning in.',241),(93,'M','2014-11-06',56,5,'She had not gone far before they saw the Mock Turtle drew a long silence after this, and she was looking at them with one finger; and the Mock Turtle, capering wildly about. \'Change lobsters again!\'.',365),(94,'F','2017-03-23',73,12,'There was a table, with a cart-horse, and expecting every moment to think this a good deal frightened by this very sudden change, but very politely: \'Did you say it.\' \'That\'s nothing to what I say,\'.',354),(95,'M','2018-03-20',59,12,'After a minute or two the Caterpillar contemptuously. \'Who are YOU?\' said the Duchess; \'and most of \'em do.\' \'I don\'t think they play at all comfortable, and it said in a fight with another.',174),(96,'F','2016-12-15',57,74,'King in a very small cake, on which the wretched Hatter trembled so, that he shook both his shoes off. \'Give your evidence,\' the King said to herself, in a moment. \'Let\'s go on for some time in.',310),(97,'M','2014-10-19',21,96,'Gryphon. Alice did not look at a king,\' said Alice. \'That\'s the first witness,\' said the Dodo. Then they all moved off, and had been anything near the centre of the deepest contempt. \'I\'ve seen a.',27),(98,'M','2012-05-16',79,50,'Duchess! The Duchess! Oh my dear Dinah! I wonder if I\'ve been changed in the wood,\' continued the Gryphon. \'Of course,\' the Dodo managed it.) First it marked out a history of the thing yourself,.',206),(99,'F','2013-11-25',40,85,'I\'m sure I can\'t be civil, you\'d better finish the story for yourself.\' \'No, please go on!\' Alice said to the door, and the roof bear?--Mind that loose slate--Oh, it\'s coming down! Heads below!\' (a.',450),(100,'F','2020-11-11',40,79,'Rome, and Rome--no, THAT\'S all wrong, I\'m certain! I must be removed,\' said the Cat, as soon as she could, and waited till the Pigeon went on, \'What HAVE you been doing here?\' \'May it please your.',132);
/*!40000 ALTER TABLE `celebs_profiles` ENABLE KEYS */;
UNLOCK TABLES;

--
-- Table structure for table `cinemas`
--

DROP TABLE IF EXISTS `cinemas`;
/*!40101 SET @saved_cs_client     = @@character_set_client */;
/*!50503 SET character_set_client = utf8mb4 */;
CREATE TABLE `cinemas` (
  `id` bigint unsigned NOT NULL AUTO_INCREMENT,
  `name` varchar(50) CHARACTER SET utf8mb4 COLLATE utf8mb4_unicode_ci DEFAULT NULL,
  `adress` varchar(50) CHARACTER SET utf8mb4 COLLATE utf8mb4_unicode_ci DEFAULT NULL,
  `phone` varchar(20) CHARACTER SET utf8mb4 COLLATE utf8mb4_unicode_ci DEFAULT NULL,
  PRIMARY KEY (`id`)
) ENGINE=InnoDB AUTO_INCREMENT=102 DEFAULT CHARSET=utf8mb4 COLLATE=utf8mb4_unicode_ci;
/*!40101 SET character_set_client = @saved_cs_client */;

--
-- Dumping data for table `cinemas`
--

LOCK TABLES `cinemas` WRITE;
/*!40000 ALTER TABLE `cinemas` DISABLE KEYS */;
INSERT INTO `cinemas` VALUES (1,'expedita','839 Shawna Land\nCiceroview, FL 55039','859-315-5827x21507'),(2,'natus','984 Herzog Spurs\nSchuppefort, IA 29613','(398)434-9878'),(3,'distinctio','32269 Deckow Greens Apt. 892\nWest Ivy, WY 77261-69','513-498-8489x597'),(4,'velit','8646 Marian Stravenue\nSouth Leoraburgh, NJ 99663','020-938-0378'),(5,'voluptatibus','4432 Kessler Village\nJarrettton, PA 96282','149.299.7564x305'),(6,'praesentium','4457 Whitney Grove\nWest Felix, MN 06642','543.539.4457x65566'),(7,'minus','09275 Armand Manors Apt. 037\nPaoloside, MN 07025-5','(735)595-3631'),(8,'adipisci','2200 Runolfsson Tunnel Suite 713\nLake Madonnaview,','690.692.9698x3506'),(9,'quibusdam','826 Walter Unions Apt. 523\nEast Aminaland, NH 0400','436-753-2241x410'),(10,'repellendus','9932 Nikolas Mountain Apt. 056\nNorth Oletamouth, A','330-909-3438'),(11,'laboriosam','61149 Bridget Point\nNew Nobleview, MA 11117','915-715-6902'),(12,'voluptatum','08416 Selmer Squares\nSmithton, TX 66105','965.528.2305x5992'),(13,'labore','71242 Kiehn Inlet\nSofiabury, OH 29227-1857','1-487-362-2684x1483'),(14,'neque','4947 Gleason Crescent Apt. 476\nNorth Jodyfurt, IA ','969.135.9770x701'),(15,'nostrum','3551 Lueilwitz Points\nOctaviaport, UT 76953-3677','00363132093'),(16,'accusantium','812 Shemar Turnpike Apt. 728\nNorth Rahsaan, AZ 074','949.333.8636x7278'),(17,'dolor','45127 Ibrahim Hill\nWest Mariela, FL 85091-5260','(905)056-1521x5720'),(18,'quisquam','5725 Wunsch Route Apt. 347\nRennerhaven, PA 72784-0','081-642-7585'),(19,'blanditiis','929 Smitham Club\nRalphland, IN 62143-9392','(438)282-8471x1893'),(20,'libero','2494 Ethelyn Lights\nSouth Fredrick, MO 59900-6780','(864)069-1867x694'),(21,'aliquid','11527 Schulist Prairie\nNorth Loy, WA 28966','(497)577-4146x061'),(22,'rerum','27246 Aida Road\nNorth Patsytown, NJ 84883','407-154-5682x17309'),(23,'impedit','8059 Logan Neck\nHermanland, NC 74030','258-724-2225x5326'),(24,'voluptatem','66513 Hilll Streets\nSouth Bernhardburgh, VT 46515-','115.175.7652'),(25,'dolores','3708 Anderson Centers\nNew Mauricio, TN 16900','229.717.8389'),(26,'maxime','49300 Hermiston Plaza\nWuckertchester, RI 50277-697','01541599373'),(27,'consequatur','5602 Alexie Centers\nKristofferville, CA 35285-7937','769-717-7706'),(28,'sequi','409 Weissnat Bridge Apt. 594\nHertachester, AZ 2710','207.263.4078x6707'),(29,'assumenda','1660 Schroeder Bridge\nRempelville, UT 44081-5382','1-318-894-9950x84086'),(30,'voluptas','67173 Eliza Radial\nCedrickstad, NM 07233-7863','1-315-457-0527'),(31,'dignissimos','706 Hodkiewicz Mews Apt. 448\nNorth Josephine, RI 9','(365)963-1500x782'),(32,'explicabo','04554 Rudy Forge\nNorth Rickie, NC 20145-8722','433-795-4378'),(33,'omnis','253 Esteban Summit Apt. 703\nBartolettitown, AZ 844','1-979-518-7009x4548'),(34,'quaerat','32411 Rodrick River\nEast Ruthiebury, NV 49548-3889','274-262-0239x201'),(35,'quidem','8071 Raynor Place\nLeannonbury, NC 18474-5927','(768)005-8480x098'),(36,'perferendis','30675 Chelsey Road Apt. 468\nLake Destini, MN 30385','(862)932-8276x03720'),(37,'soluta','6197 Trever Street\nNew Calistamouth, NH 39360-9772','+99(0)5518099599'),(38,'dolore','889 Vicenta Divide Apt. 880\nNorth Leonieberg, ND 4','702.452.8939x426'),(39,'nihil','6704 Dare Route\nEast Dagmarview, KY 71246','1-019-015-4810x98922'),(40,'vitae','4116 Thiel Ways\nEast Hollisborough, OK 39552','(254)816-0498x40177'),(41,'magnam','93796 Aufderhar Village\nNew Augustusborough, OR 85','(712)079-8939'),(42,'aspernatur','252 Anderson Common\nMetzshire, AZ 11325','+92(3)4158895605'),(43,'laborum','07734 Gilda Glen\nLake Alexysfort, MN 29202-0010','(436)340-9786'),(44,'accusamus','4311 Norbert Locks\nAlannashire, WV 03978','+92(3)6832808749'),(45,'saepe','6457 Koelpin Villages\nOlsonville, VT 42890-3759','01699186506'),(46,'molestias','650 Addison Forge\nSouth Donnie, RI 81041','187.696.4167x6362'),(47,'error','8242 Christiansen Causeway Suite 974\nGideonton, NH','(645)972-8484x54447'),(48,'cupiditate','19389 Keeling Springs Apt. 927\nNew Norma, ID 49331','210.778.3406'),(49,'tempora','01314 Adelbert Forges Apt. 929\nSouth Filomenastad,','1-440-722-4997x76430'),(50,'facere','82267 Orn Shoal Suite 569\nSofiafurt, MS 68912','588-475-7908');
/*!40000 ALTER TABLE `cinemas` ENABLE KEYS */;
UNLOCK TABLES;

--
-- Table structure for table `cities`
--

DROP TABLE IF EXISTS `cities`;
/*!40101 SET @saved_cs_client     = @@character_set_client */;
/*!50503 SET character_set_client = utf8mb4 */;
CREATE TABLE `cities` (
  `id` int unsigned NOT NULL AUTO_INCREMENT,
  `name` varchar(150) CHARACTER SET utf8mb4 COLLATE utf8mb4_unicode_ci NOT NULL,
  `country_id` int unsigned DEFAULT NULL,
  PRIMARY KEY (`id`),
  UNIQUE KEY `name` (`name`),
  KEY `cities_country_id_fk` (`country_id`),
  CONSTRAINT `cities_country_id_fk` FOREIGN KEY (`country_id`) REFERENCES `countries` (`id`)
) ENGINE=InnoDB AUTO_INCREMENT=101 DEFAULT CHARSET=utf8mb4 COLLATE=utf8mb4_unicode_ci;
/*!40101 SET character_set_client = @saved_cs_client */;

--
-- Dumping data for table `cities`
--

LOCK TABLES `cities` WRITE;
/*!40000 ALTER TABLE `cities` DISABLE KEYS */;
INSERT INTO `cities` VALUES (1,'Lake Stefanieburgh',1),(2,'Lake Stanfurt',2),(3,'New Albert',3),(4,'Nyahview',4),(5,'East Esmeraldaton',5),(6,'New Logan',6),(7,'Vonport',7),(8,'Jaquelinville',8),(9,'South Micahbury',9),(10,'D\'Amoreside',10),(11,'Nitzscheton',11),(12,'West Nicoleberg',12),(13,'Joanyfurt',13),(14,'Andreshire',14),(15,'South Onie',15),(16,'Erafort',16),(17,'Krajcikbury',17),(18,'Streichberg',18),(19,'Port Felton',19),(20,'East Harmonyville',20),(21,'East Nova',21),(22,'Lake Arnulfo',22),(23,'Ortizland',23),(24,'Sabrinashire',24),(25,'West Finn',25),(26,'South Kailey',26),(27,'West Hilbert',27),(28,'Murazikfurt',28),(29,'South German',29),(30,'Konopelskishire',30),(31,'Lake Wiltonside',31),(32,'West Angelita',32),(33,'Myleneside',33),(34,'Port Emerson',34),(35,'Ornborough',35),(36,'Americafurt',36),(37,'Hazleport',37),(38,'North Jayde',38),(39,'Merrittshire',39),(40,'Christside',40),(41,'Faheyhaven',41),(42,'Raulview',42),(43,'South Brianstad',43),(44,'Deckowmouth',44),(45,'South Katherynmouth',45),(46,'West Isabelmouth',46),(47,'Yeseniamouth',47),(48,'Williamsonshire',48),(49,'Port Collinhaven',49),(50,'Patsyshire',50),(51,'South Kamrenshire',51),(52,'New Eloisaville',52),(53,'South Rachelle',53),(54,'Vivianeshire',54),(55,'Deliamouth',55),(56,'Zackhaven',56),(57,'Lake Chaddburgh',57),(58,'Savanahland',58),(59,'East Nya',59),(60,'Krisfurt',60),(61,'Rueckerborough',61),(62,'Port Lucasmouth',62),(63,'Owenview',63),(64,'Port Madge',64),(65,'North Alessia',65),(66,'Zemlakmouth',66),(67,'North Rebeka',67),(68,'Imeldaburgh',68),(69,'Candidabury',69),(70,'Muellertown',70),(71,'Labadieport',71),(72,'West Antonettachester',72),(73,'New Tateburgh',73),(74,'West Aftonmouth',74),(75,'Lake Ryann',75),(76,'Emardport',76),(77,'Abigailbury',77),(78,'Port Tremayne',78),(79,'Imeldabury',79),(80,'Doyleville',80),(81,'West Michele',81),(82,'New Domenicaland',82),(83,'North Hortenseville',83),(84,'New Neha',84),(85,'East Krystal',85),(86,'West Herminia',86),(87,'East Ewaldbury',87),(88,'North Brett',88),(89,'South Lia',89),(90,'Monteborough',90),(91,'Port Kirkfurt',91),(92,'West Giovannaport',92),(93,'Port Laurianne',93),(94,'New Antoniettafort',94),(95,'Lexiside',95),(96,'North Otisfort',96),(97,'Douglasberg',97),(98,'North Cullenport',98),(99,'Wisokychester',99),(100,'Leuschkeport',100);
/*!40000 ALTER TABLE `cities` ENABLE KEYS */;
UNLOCK TABLES;

--
-- Table structure for table `countries`
--

DROP TABLE IF EXISTS `countries`;
/*!40101 SET @saved_cs_client     = @@character_set_client */;
/*!50503 SET character_set_client = utf8mb4 */;
CREATE TABLE `countries` (
  `id` int unsigned NOT NULL AUTO_INCREMENT,
  `name` varchar(150) CHARACTER SET utf8mb4 COLLATE utf8mb4_unicode_ci NOT NULL,
  PRIMARY KEY (`id`),
  UNIQUE KEY `name` (`name`)
) ENGINE=InnoDB AUTO_INCREMENT=101 DEFAULT CHARSET=utf8mb4 COLLATE=utf8mb4_unicode_ci;
/*!40101 SET character_set_client = @saved_cs_client */;

--
-- Dumping data for table `countries`
--

LOCK TABLES `countries` WRITE;
/*!40000 ALTER TABLE `countries` DISABLE KEYS */;
INSERT INTO `countries` VALUES (80,'Albania'),(22,'Algeria'),(64,'Angola'),(31,'Antarctica (the territory South of 60 deg S)'),(26,'Argentina'),(30,'Armenia'),(2,'Azerbaijan'),(45,'Bahamas'),(83,'Bahrain'),(69,'Bangladesh'),(38,'Belarus'),(10,'Benin'),(82,'Bosnia and Herzegovina'),(62,'Botswana'),(12,'Bouvet Island (Bouvetoya)'),(53,'Brazil'),(50,'British Indian Ocean Territory (Chagos Archipelago)'),(49,'Bulgaria'),(43,'Burkina Faso'),(11,'Cameroon'),(98,'Canada'),(78,'Cape Verde'),(55,'Cayman Islands'),(60,'Chad'),(33,'Chile'),(13,'Cocos (Keeling) Islands'),(25,'Cook Islands'),(19,'Costa Rica'),(27,'Croatia'),(23,'Czech Republic'),(17,'Djibouti'),(72,'Dominican Republic'),(88,'Ecuador'),(3,'El Salvador'),(66,'Equatorial Guinea'),(54,'Ethiopia'),(28,'Falkland Islands (Malvinas)'),(68,'Fiji'),(71,'French Polynesia'),(93,'French Southern Territories'),(58,'Gambia'),(85,'Guatemala'),(81,'Guinea'),(29,'Guyana'),(44,'Haiti'),(34,'Heard Island and McDonald Islands'),(73,'Holy See (Vatican City State)'),(41,'India'),(76,'Iran'),(59,'Jamaica'),(56,'Japan'),(35,'Korea'),(5,'Kuwait'),(7,'Kyrgyz Republic'),(24,'Lebanon'),(1,'Liberia'),(37,'Macao'),(46,'Malawi'),(51,'Maldives'),(61,'Marshall Islands'),(75,'Martinique'),(70,'Mauritius'),(4,'Mexico'),(96,'Montenegro'),(48,'Morocco'),(36,'Mozambique'),(90,'Namibia'),(9,'Netherlands'),(91,'Netherlands Antilles'),(47,'Nicaragua'),(79,'Niue'),(67,'Oman'),(15,'Pakistan'),(94,'Panama'),(20,'Papua New Guinea'),(92,'Pitcairn Islands'),(63,'Poland'),(42,'Portugal'),(32,'Qatar'),(95,'Reunion'),(21,'Saint Helena'),(84,'Saint Kitts and Nevis'),(86,'Saudi Arabia'),(74,'Senegal'),(40,'Somalia'),(97,'South Africa'),(99,'Spain'),(18,'Sudan'),(8,'Swaziland'),(6,'Tanzania'),(89,'Thailand'),(100,'Timor-Leste'),(87,'Trinidad and Tobago'),(16,'Tunisia'),(52,'Turkmenistan'),(57,'Turks and Caicos Islands'),(14,'Tuvalu'),(39,'Uganda'),(65,'United States Virgin Islands'),(77,'Vanuatu');
/*!40000 ALTER TABLE `countries` ENABLE KEYS */;
UNLOCK TABLES;

--
-- Table structure for table `films`
--

DROP TABLE IF EXISTS `films`;
/*!40101 SET @saved_cs_client     = @@character_set_client */;
/*!50503 SET character_set_client = utf8mb4 */;
CREATE TABLE `films` (
  `id` int unsigned NOT NULL,
  `title` varchar(50) DEFAULT NULL,
  `genres` int unsigned DEFAULT NULL,
  `years` date DEFAULT NULL,
  `is_in_cinema` varchar(10) DEFAULT NULL,
  `price` decimal(10,2) NOT NULL,
  PRIMARY KEY (`id`),
  KEY `films_years_film_idx` (`years`,`title`),
  KEY `films_genres_film_idx` (`genres`,`title`),
  CONSTRAINT `films_genre_id_fk` FOREIGN KEY (`genres`) REFERENCES `multi_genre_films_serials` (`id`)
) ENGINE=InnoDB DEFAULT CHARSET=utf8mb4 COLLATE=utf8mb4_0900_ai_ci;
/*!40101 SET character_set_client = @saved_cs_client */;

--
-- Dumping data for table `films`
--

LOCK TABLES `films` WRITE;
/*!40000 ALTER TABLE `films` DISABLE KEYS */;
INSERT INTO `films` VALUES (1,'Est non quibusdam soluta et quia.',60,'2004-10-07','yes',457.00),(2,'Provident autem perferendis odit ut quo.',7,'1992-05-29','no',0.00),(3,'Aut quo vitae velit.',57,'1992-09-24','no',0.00),(4,'Est quis similique accusantium ea delectus eveniet',60,'2001-01-14','yes',433.00),(5,'Non voluptate explicabo vel sint asperiores.',30,'2019-03-03','no',0.00),(6,'Voluptatem harum fugit nostrum vitae dolores eos.',69,'2019-05-17','no',0.00),(7,'Earum saepe voluptatem eligendi necessitatibus in ',54,'1993-11-12','yes',444.00),(8,'Ducimus repudiandae aliquam sunt animi.',62,'2000-05-14','yes',575.00),(9,'Doloremque quo reprehenderit deserunt amet in sit.',47,'1976-05-11','yes',1191.00),(10,'Laudantium dolor autem quae nesciunt.',51,'2019-11-14','yes',1480.00),(11,'Ducimus aliquid labore laborum.',13,'1972-12-10','yes',1080.00),(12,'Nisi ab nulla velit saepe voluptates eaque.',10,'1980-01-11','yes',609.00),(13,'Reprehenderit repellat ex minima maiores ducimus e',11,'1989-04-22','yes',654.00),(14,'Vitae quos pariatur ab et fuga odio omnis.',26,'1994-08-20','yes',1095.00),(15,'Qui placeat quo eos neque.',98,'1994-05-20','no',0.00),(16,'Eligendi ea eveniet et eveniet explicabo ea aut.',9,'2002-04-14','no',0.00),(17,'Non id rerum ut laudantium ut id iure aut.',49,'1996-04-22','yes',763.00),(18,'Nihil impedit harum reiciendis ut.',20,'1996-07-11','no',0.00),(19,'Debitis debitis qui quis deleniti incidunt.',50,'1990-04-30','no',0.00),(20,'Et consequatur voluptatibus voluptate tenetur beat',89,'1972-10-28','yes',1382.00),(21,'Sit in laboriosam ut at consequatur earum dolores.',98,'1978-04-03','yes',671.00),(22,'Ipsa sit asperiores et exercitationem cupiditate s',20,'1996-01-30','yes',1260.00),(23,'Molestiae aut quasi totam consequatur.',6,'1991-10-30','yes',1538.00),(24,'Debitis aliquid explicabo aliquam eius omnis.',70,'1994-10-31','yes',1161.00),(25,'Libero in nam ut aliquid.',29,'1996-03-22','yes',840.00),(26,'Quia qui totam sequi omnis voluptas qui nulla itaq',37,'1973-12-18','yes',368.00),(27,'Voluptas aut sint consequatur dicta.',97,'2006-05-25','yes',1371.00),(28,'Laboriosam beatae est ullam accusamus et dolor asp',71,'2009-12-20','no',0.00),(29,'Ea quia debitis voluptate tempore omnis dignissimo',67,'1993-05-31','yes',599.00),(30,'Asperiores et sint reprehenderit molestias ratione',18,'1974-10-02','yes',934.00),(31,'Veniam nobis qui at adipisci.',92,'2006-03-12','no',0.00),(32,'Et eligendi enim ea aspernatur quasi atque volupta',4,'1970-12-13','no',0.00),(33,'Ea provident cupiditate rem pariatur voluptate ea.',43,'1993-01-10','yes',1324.00),(34,'Quis sit occaecati reiciendis quaerat perspiciatis',2,'1979-12-06','yes',1069.00),(35,'Ut odit enim illum cumque.',83,'1981-07-18','yes',1024.00),(36,'Omnis nemo et aut aut officiis.',7,'1973-05-09','yes',364.00),(37,'Deleniti tempora qui modi quasi repellat ut.',86,'1993-03-05','yes',799.00),(38,'Ad omnis tenetur accusantium omnis vitae ut hic.',9,'1981-05-02','no',0.00),(39,'Quisquam et voluptates labore vero beatae incidunt',88,'2004-03-02','no',0.00),(40,'Quo maiores quia rerum vel optio nostrum.',10,'1984-05-10','no',0.00),(41,'Vero aperiam mollitia doloremque alias modi volupt',88,'1989-04-24','no',0.00),(42,'Aut dolores alias asperiores.',10,'2014-12-19','yes',1353.00),(43,'Et molestias officia reiciendis molestias similiqu',83,'2014-12-28','yes',420.00),(44,'Quo alias molestiae velit aut ex earum voluptatem.',87,'2017-07-27','no',0.00),(45,'Facilis blanditiis dolores suscipit est reprehende',85,'1987-02-03','yes',1289.00),(46,'Facere consequatur sint quo sint.',61,'1980-03-02','no',0.00),(47,'Blanditiis eius fugit et aspernatur et nihil.',51,'1992-11-28','yes',1237.00),(48,'Non sit provident aspernatur modi provident.',72,'2004-07-21','yes',768.00),(49,'Error rem mollitia aut iusto debitis.',4,'2004-08-05','yes',980.00),(50,'Nesciunt a esse fuga officia velit earum eum velit',7,'1989-09-17','yes',1046.00),(51,'Placeat a quis aspernatur et consequatur rerum.',19,'1985-03-09','no',0.00),(52,'Unde qui occaecati quia provident voluptatum et.',75,'2007-10-17','yes',739.00),(53,'Quo enim dolores quis excepturi odio laboriosam.',18,'1985-10-01','no',0.00),(54,'Quam commodi exercitationem voluptatibus magnam de',63,'2007-11-09','no',0.00),(55,'Incidunt earum in aut voluptates sit.',63,'1980-10-15','no',0.00),(56,'Reprehenderit omnis earum impedit repellat at veli',22,'1974-04-01','yes',1410.00),(57,'Esse debitis quia aut animi aut.',24,'1993-05-30','no',0.00),(58,'Animi exercitationem quis nesciunt.',52,'2009-08-28','yes',884.00),(59,'Ducimus ipsum deleniti reiciendis dolores quis adi',89,'1999-09-16','yes',1039.00),(60,'Voluptatum et non dignissimos illum ut.',89,'1975-03-28','no',0.00),(61,'Aliquam voluptas quis numquam laudantium aut et au',76,'1992-08-24','yes',994.00),(62,'Ullam et doloribus similique eum facere ea.',13,'1986-10-24','yes',1505.00),(63,'Sed nesciunt nam iusto nam.',36,'1986-01-13','yes',594.00),(64,'Excepturi sit rem veniam corporis.',42,'1971-03-11','no',0.00),(65,'Est et eos et voluptatibus asperiores distinctio e',2,'1970-07-13','yes',506.00),(66,'Perferendis amet rem dolor enim.',84,'1981-10-12','no',0.00),(67,'Sed voluptas sed omnis earum laudantium iste eum.',11,'2012-09-09','no',0.00),(68,'Hic natus pariatur cupiditate fuga soluta voluptas',3,'2012-08-08','no',0.00),(69,'Modi temporibus et pariatur nihil ut.',83,'1983-01-30','no',0.00),(70,'In illo nemo porro.',5,'2017-11-03','no',0.00),(71,'Sequi consequatur dolores aliquam tempora voluptat',77,'2021-02-16','no',0.00),(72,'Facilis ut quia dolor et.',67,'2020-05-02','no',0.00),(73,'Est aut sapiente hic tenetur aperiam quasi maiores',3,'1978-06-17','no',0.00),(74,'Sit ad consequatur eius maiores aliquid quis paria',15,'1994-02-23','no',0.00),(75,'Eum nihil perspiciatis ea ut quis pariatur aut.',66,'1977-01-15','no',0.00),(76,'Eius maxime maxime officiis.',85,'2007-04-19','no',0.00),(77,'Quia similique culpa quod non quos rerum laboriosa',27,'1987-05-12','no',0.00),(78,'Eaque vel nemo dolor hic reiciendis id eaque.',77,'1980-03-17','yes',398.00),(79,'Quibusdam maiores quos voluptatem.',6,'1984-04-09','yes',1324.00),(80,'Doloremque excepturi velit vero qui iure dolor rer',99,'2009-01-03','yes',1476.00),(81,'Ut assumenda deleniti alias.',77,'1984-08-13','no',0.00),(82,'Earum velit itaque ut at ut labore.',86,'1994-03-19','yes',656.00),(83,'Nam ullam facere officia molestiae reprehenderit.',97,'1971-04-01','no',0.00),(84,'Reiciendis dolorum est corporis consequuntur nostr',28,'1977-05-16','no',0.00),(85,'Nihil assumenda perspiciatis ut doloremque quaerat',48,'2013-03-12','yes',905.00),(86,'Numquam recusandae officia quos cum voluptatem.',56,'1981-07-12','yes',1005.00),(87,'Illo reiciendis esse non ut omnis sequi.',37,'2007-01-18','no',0.00),(88,'Voluptatibus earum maxime repellendus adipisci min',16,'1976-10-07','no',0.00),(89,'Non harum hic illo sed.',68,'1994-03-26','no',0.00),(90,'Quo et qui dolorum commodi quisquam voluptas.',93,'1975-08-01','no',0.00),(91,'Adipisci iste molestias et ea non nihil dicta.',57,'1972-10-19','yes',760.00),(92,'Id nobis qui voluptas maxime delectus et eos dolor',9,'1991-09-12','no',0.00),(93,'Non ipsa debitis harum quia dolorum enim soluta et',74,'1979-07-30','no',0.00),(94,'Dolorem voluptatibus labore tempore rerum suscipit',39,'2005-06-30','no',0.00),(95,'Dicta quas vel mollitia est.',75,'1972-01-16','yes',439.00),(96,'Et pariatur est rerum rerum ut consequatur.',56,'2018-01-12','no',0.00),(97,'Cumque odit tempore quia aut commodi delectus cons',53,'1982-06-21','yes',762.00),(98,'Ut maxime quas aliquid culpa.',100,'1975-09-06','no',0.00),(99,'Dolor non animi eveniet fuga.',38,'1972-09-22','no',0.00),(100,'Aut quia ad nulla distinctio nihil illo corrupti.',92,'2009-08-03','no',0.00);
/*!40000 ALTER TABLE `films` ENABLE KEYS */;
UNLOCK TABLES;

--
-- Table structure for table `friendship`
--

DROP TABLE IF EXISTS `friendship`;
/*!40101 SET @saved_cs_client     = @@character_set_client */;
/*!50503 SET character_set_client = utf8mb4 */;
CREATE TABLE `friendship` (
  `user_id` int unsigned NOT NULL COMMENT '    ',
  `friend_id` int unsigned NOT NULL COMMENT '    ',
  `friendship_status` enum('requested','approved','declined','unfriended') CHARACTER SET utf8mb4 COLLATE utf8mb4_unicode_ci DEFAULT NULL COMMENT '   ( ) ',
  `confirmed_at` datetime DEFAULT NULL COMMENT '  ',
  `created_at` datetime DEFAULT CURRENT_TIMESTAMP COMMENT '  ',
  PRIMARY KEY (`user_id`,`friend_id`) COMMENT '  ',
  KEY `friendship_friend_id_fk` (`friend_id`),
  CONSTRAINT `friendship_friend_id_fk` FOREIGN KEY (`friend_id`) REFERENCES `users` (`id`) ON DELETE CASCADE,
  CONSTRAINT `friendship_user_id_fk` FOREIGN KEY (`user_id`) REFERENCES `users` (`id`)
) ENGINE=InnoDB DEFAULT CHARSET=utf8mb4 COLLATE=utf8mb4_unicode_ci COMMENT=' ';
/*!40101 SET character_set_client = @saved_cs_client */;

--
-- Dumping data for table `friendship`
--

LOCK TABLES `friendship` WRITE;
/*!40000 ALTER TABLE `friendship` DISABLE KEYS */;
INSERT INTO `friendship` VALUES (1,5,'approved','1990-01-20 15:39:59','1984-04-20 03:45:05'),(1,60,'declined','1977-09-04 14:52:35','2021-05-25 15:32:16'),(2,64,'unfriended','1973-02-04 14:46:40','2021-05-25 15:32:16'),(2,95,'declined','2009-09-26 18:08:48','2000-12-13 03:00:52'),(3,4,'requested','2007-05-29 09:44:34','1998-07-05 21:06:37'),(3,73,'approved','1975-08-14 05:06:26','2021-05-25 15:32:16'),(4,29,'requested','1984-09-05 03:41:49','2021-05-25 15:32:16'),(5,4,'approved','2008-01-18 17:06:07','2021-05-25 15:32:16'),(6,22,'declined','2019-06-30 07:07:43','1970-05-14 00:50:00'),(6,76,'unfriended','2021-04-09 09:33:09','1982-12-01 11:54:25'),(8,31,'approved','2016-08-26 06:38:09','1986-04-19 16:21:12'),(9,85,'declined','1973-10-23 10:57:56','2021-05-25 15:32:16'),(10,14,'declined','1976-09-30 18:14:43','1970-06-25 03:41:49'),(11,1,'approved','1976-07-07 11:27:28','2021-05-25 15:32:16'),(11,5,'declined','2018-10-25 20:17:00','2003-08-13 10:23:13'),(11,52,'unfriended','2020-05-01 14:29:26','1998-01-05 18:12:13'),(12,98,'declined','1986-10-10 01:59:33','2021-05-25 15:32:16'),(13,16,'approved','1983-05-14 23:17:03','2021-05-25 15:32:16'),(13,51,'approved','1989-06-07 14:31:50','2021-05-25 15:32:16'),(15,21,'declined','1980-05-10 06:14:51','1977-08-01 15:38:13'),(15,70,'unfriended','2014-02-22 16:13:39','2011-10-19 03:22:34'),(16,51,'unfriended','1978-02-09 23:19:35','1974-10-31 01:55:29'),(16,67,'declined','2000-07-10 15:42:15','2021-05-25 15:32:16'),(16,86,'requested','2019-08-11 13:55:37','1990-05-14 21:36:35'),(19,53,'requested','2011-07-25 20:50:50','1983-12-02 11:37:52'),(20,34,'unfriended','2013-02-05 17:40:57','2021-05-25 15:32:16'),(20,35,'approved','2001-12-15 23:56:56','1984-06-15 02:07:21'),(20,83,'approved','1978-04-28 19:45:57','2021-05-25 15:32:16'),(20,88,'requested','2019-07-11 16:25:25','2013-12-29 05:41:21'),(21,62,'approved','1974-09-12 16:43:23','2021-05-25 15:32:16'),(21,90,'approved','2018-02-20 21:40:28','1999-10-29 06:16:53'),(23,67,'unfriended','2017-05-17 04:51:11','1981-01-02 16:33:09'),(24,27,'unfriended','2016-12-05 21:39:51','2014-07-23 09:50:39'),(24,82,'unfriended','1980-04-13 20:12:47','2021-05-25 15:32:16'),(27,78,'approved','1976-07-16 15:32:15','2021-05-25 15:32:16'),(30,33,'declined','2012-02-12 01:46:03','1985-07-27 22:34:53'),(30,38,'declined','2018-02-06 22:34:44','1970-07-07 18:27:11'),(30,84,'requested','2021-01-08 17:20:15','1985-04-18 13:18:45'),(31,50,'declined','2015-11-15 21:15:28','2002-02-11 11:43:22'),(31,64,'unfriended','1980-10-15 22:23:18','1975-06-10 08:10:52'),(32,5,'unfriended','1996-04-01 10:05:10','2021-05-25 15:32:16'),(32,14,'declined','1987-05-15 16:36:46','1976-05-09 00:58:31'),(34,45,'unfriended','1990-05-03 08:33:22','2021-05-25 15:32:16'),(35,5,'unfriended','2016-01-07 13:42:04','1979-11-30 05:17:19'),(35,53,'declined','1979-01-05 10:23:13','1973-02-22 23:21:03'),(35,88,'unfriended','2013-04-08 10:01:38','2006-07-27 07:45:52'),(36,13,'unfriended','2014-12-31 23:16:13','2009-05-09 20:59:33'),(38,41,'requested','1979-12-15 13:37:15','2021-05-25 15:32:16'),(39,47,'unfriended','2008-12-05 17:09:44','2021-05-25 15:32:16'),(39,55,'requested','1992-11-16 04:10:22','1970-07-30 17:00:14'),(42,75,'approved','2016-11-05 14:09:05','1983-11-26 15:30:23'),(43,99,'requested','1973-12-27 23:17:01','2021-05-25 15:32:16'),(46,72,'unfriended','1984-07-06 21:15:15','1970-01-14 20:49:23'),(47,49,'declined','1996-06-14 19:05:30','2021-05-25 15:32:16'),(48,16,'requested','2013-07-24 14:38:32','1985-12-28 19:24:30'),(50,57,'approved','2016-03-15 11:55:47','1974-09-11 12:23:03'),(50,90,'requested','1978-11-07 15:40:16','2021-05-25 15:32:16'),(52,66,'approved','1988-01-22 16:55:16','1973-03-21 15:59:22'),(53,17,'requested','2019-01-17 14:41:24','1999-01-22 12:13:50'),(56,12,'approved','1983-06-17 23:40:02','2021-05-25 15:32:16'),(56,17,'requested','2009-05-22 14:34:29','1989-03-14 23:22:44'),(56,41,'declined','1984-06-22 17:10:37','1970-09-06 00:31:25'),(57,36,'requested','2020-06-10 12:43:58','2001-12-20 19:01:07'),(58,39,'declined','1981-06-20 12:56:20','2021-05-25 15:32:16'),(59,33,'requested','1994-06-10 17:39:24','2021-05-25 15:32:16'),(61,45,'declined','1970-04-28 18:01:09','2021-05-25 15:32:16'),(63,16,'unfriended','1985-08-28 06:42:18','1970-04-01 08:58:44'),(63,35,'approved','2015-09-13 14:55:29','1983-10-28 08:11:41'),(64,53,'approved','1976-10-19 18:44:06','1973-09-09 14:41:53'),(64,90,'requested','1975-05-01 23:57:26','2021-05-25 15:32:16'),(65,21,'unfriended','1980-06-08 09:28:32','2021-05-25 15:32:16'),(68,81,'unfriended','1972-10-17 20:15:30','2021-05-25 15:32:16'),(70,63,'approved','2019-12-25 20:09:29','1974-06-20 05:04:30'),(71,53,'approved','2012-11-26 22:18:28','1984-03-31 17:24:13'),(71,98,'unfriended','1970-07-15 15:44:09','2021-05-25 15:32:16'),(72,18,'declined','2004-03-25 20:05:09','1986-04-25 15:07:00'),(72,21,'declined','1974-07-30 10:27:57','1971-10-30 19:27:02'),(73,3,'approved','1971-01-18 09:58:18','2021-05-25 15:32:16'),(74,16,'approved','1980-11-27 09:28:50','2021-05-25 15:32:16'),(76,80,'requested','1994-11-06 10:37:00','2021-05-25 15:32:16'),(77,20,'declined','1975-12-21 22:37:53','2021-05-25 15:32:16'),(77,85,'unfriended','1995-02-27 22:15:53','1986-03-03 09:33:27'),(82,52,'requested','1984-12-17 17:56:15','1982-08-08 05:41:13'),(84,15,'approved','1997-10-14 00:07:24','1973-09-24 10:43:35'),(84,20,'requested','2004-02-23 03:17:51','1985-01-28 15:05:54'),(84,36,'approved','2012-08-11 07:21:30','1994-11-09 21:55:59'),(85,28,'declined','1988-02-03 03:58:40','2021-05-25 15:32:16'),(85,55,'declined','2013-05-25 19:02:41','2021-05-25 15:32:16'),(86,32,'unfriended','2018-06-17 06:28:31','1996-10-24 21:19:56'),(87,74,'requested','2015-08-03 20:29:43','2021-05-25 15:32:16'),(88,76,'unfriended','2011-07-29 03:20:49','1991-03-24 09:36:11'),(91,1,'unfriended','1972-01-21 11:31:33','2021-05-25 15:32:16'),(91,32,'declined','2002-12-23 07:12:19','1991-12-23 23:51:32'),(91,42,'unfriended','2000-01-12 19:41:12','1978-12-30 01:50:47'),(92,21,'approved','2013-02-13 20:32:56','1974-07-11 23:13:55'),(93,16,'declined','2013-02-12 11:56:59','2021-05-25 15:32:16'),(94,89,'unfriended','2018-10-08 12:53:29','1999-11-06 20:40:28'),(95,21,'declined','1985-12-13 04:50:58','2021-05-25 15:32:16'),(99,100,'requested','1994-04-14 19:08:45','1978-04-16 20:37:22'),(100,31,'requested','2013-12-15 00:16:28','1992-05-18 11:15:37');
/*!40000 ALTER TABLE `friendship` ENABLE KEYS */;
UNLOCK TABLES;

--
-- Table structure for table `genres`
--

DROP TABLE IF EXISTS `genres`;
/*!40101 SET @saved_cs_client     = @@character_set_client */;
/*!50503 SET character_set_client = utf8mb4 */;
CREATE TABLE `genres` (
  `id` int unsigned NOT NULL AUTO_INCREMENT,
  `genre` varchar(100) CHARACTER SET utf8mb4 COLLATE utf8mb4_unicode_ci DEFAULT NULL,
  PRIMARY KEY (`id`),
  UNIQUE KEY `genre` (`genre`)
) ENGINE=InnoDB AUTO_INCREMENT=101 DEFAULT CHARSET=utf8mb4 COLLATE=utf8mb4_unicode_ci;
/*!40101 SET character_set_client = @saved_cs_client */;

--
-- Dumping data for table `genres`
--

LOCK TABLES `genres` WRITE;
/*!40000 ALTER TABLE `genres` DISABLE KEYS */;
INSERT INTO `genres` VALUES (1,'Action'),(2,'Adventure'),(3,'Animation'),(4,'Comedy'),(5,'Crime'),(6,'Drama'),(7,'Fantasy'),(8,'History'),(9,'Horror'),(10,'Sci-Fi'),(11,'Thriller'),(12,'War'),(13,'Western');
/*!40000 ALTER TABLE `genres` ENABLE KEYS */;
UNLOCK TABLES;

--
-- Table structure for table `messages`
--

DROP TABLE IF EXISTS `messages`;
/*!40101 SET @saved_cs_client     = @@character_set_client */;
/*!50503 SET character_set_client = utf8mb4 */;
CREATE TABLE `messages` (
  `id` int unsigned NOT NULL AUTO_INCREMENT COMMENT ' ',
  `from_user_id` int unsigned NOT NULL COMMENT '   ',
  `to_user_id` int unsigned NOT NULL COMMENT '   ',
  `body` text NOT NULL COMMENT ' ',
  `is_delivered` tinyint(1) DEFAULT NULL COMMENT ' ',
  `is_read` tinyint(1) DEFAULT NULL,
  `created_at` datetime DEFAULT CURRENT_TIMESTAMP COMMENT '  ',
  PRIMARY KEY (`id`),
  KEY `messages_from_user_id_fk` (`from_user_id`),
  KEY `messages_to_user_id_fk` (`to_user_id`),
  CONSTRAINT `messages_from_user_id_fk` FOREIGN KEY (`from_user_id`) REFERENCES `users` (`id`),
  CONSTRAINT `messages_to_user_id_fk` FOREIGN KEY (`to_user_id`) REFERENCES `users` (`id`)
) ENGINE=InnoDB AUTO_INCREMENT=101 DEFAULT CHARSET=utf8mb4 COLLATE=utf8mb4_0900_ai_ci COMMENT='';
/*!40101 SET character_set_client = @saved_cs_client */;

--
-- Dumping data for table `messages`
--

LOCK TABLES `messages` WRITE;
/*!40000 ALTER TABLE `messages` DISABLE KEYS */;
INSERT INTO `messages` VALUES (1,51,6,'Atque eaque eum ut eum est voluptatem asperiores soluta. Magni esse similique dolorem et et molestiae quia. Voluptatibus est non dolorum sequi quidem consequatur. Aspernatur non rerum omnis aut quia totam qui.',1,0,'2011-11-04 03:50:03'),(2,77,67,'Et voluptates dolorem sit porro veniam ipsa. Tempora dicta magnam nostrum et. Qui eos deserunt aperiam. Provident pariatur et ut quisquam recusandae illum enim.',0,1,'2013-12-26 17:45:12'),(3,3,11,'Minima et eveniet debitis quam omnis labore quod. Non quam est beatae quo nostrum ipsa eveniet quasi. Eum consequatur sequi dignissimos.',1,0,'2013-08-13 16:28:40'),(4,48,8,'Aut velit et molestiae quisquam non. Quibusdam adipisci qui dolorum adipisci illum. Architecto distinctio nobis velit mollitia qui iste quis voluptas. Vel rerum nihil voluptatem qui consequuntur non.',0,1,'2018-08-13 02:22:49'),(5,93,41,'Occaecati iste facilis molestiae sint in amet. Corrupti recusandae nulla illum sint est. Deserunt error at voluptates et corporis quibusdam.',1,0,'2013-03-14 13:17:51'),(6,26,8,'Ullam quia sed esse dolor. Enim aperiam voluptatem et consequuntur consequatur. Facere quas illum laborum veniam.',0,0,'2018-11-06 16:47:12'),(7,59,73,'Quaerat ut soluta deleniti consequatur exercitationem aut. Dolor qui eos perspiciatis est expedita voluptatem vitae. Facere aperiam recusandae et sint. Dolore voluptatum eum ut ut aut nulla et.',1,1,'2017-02-09 02:49:50'),(8,86,13,'Consequatur sed repudiandae natus ut architecto placeat sunt. Autem expedita occaecati et praesentium quia et. Eligendi culpa aut inventore rerum quo. Sequi fuga et sunt ut tempore.',1,0,'2018-09-09 12:30:55'),(9,3,77,'Laborum dolor velit sit excepturi. Et ipsum eligendi praesentium sit. Sed ipsum beatae consequuntur esse enim.',1,0,'2019-07-20 07:08:06'),(10,73,37,'Harum ut deleniti quo totam voluptatem quidem. Rerum est doloremque illum error possimus sit voluptates. Autem id aperiam minima consequatur tempora itaque.',0,1,'2016-04-24 14:00:39'),(11,63,6,'Ad est voluptas maiores accusamus in. Ducimus officia veritatis et ipsum quod quis nulla. Illum enim aut quod praesentium maxime vitae placeat assumenda. Culpa et ea quia velit temporibus cum exercitationem.',1,1,'2014-05-19 04:48:43'),(12,37,70,'Et magnam voluptate quas ratione qui cumque. Provident architecto est repellendus dolor consequatur excepturi fuga.',0,0,'2020-03-07 18:00:18'),(13,36,69,'Consequatur iure beatae necessitatibus consequatur libero. Aliquam voluptatem culpa iure architecto odio rerum ex. Corrupti in voluptatem error consequatur.',0,1,'2014-02-10 05:56:05'),(14,37,79,'Qui amet praesentium rerum nobis qui aut qui. Assumenda id voluptatum est error. Ullam tenetur occaecati esse dolore illo. Perspiciatis numquam sed et libero et nihil molestiae. Laudantium dignissimos non nesciunt recusandae.',0,0,'2015-11-10 20:09:02'),(15,82,71,'Dolore facilis voluptatum voluptas. Esse voluptatem quis nobis labore animi officia praesentium eius. Aliquam ipsa adipisci consequatur dolore quia omnis sint autem. Cupiditate fugiat quam iure blanditiis quam nostrum quis aliquam.',0,1,'2012-12-05 02:58:08'),(16,9,33,'Fugit eos aliquid laboriosam nostrum. Adipisci qui voluptates nesciunt fugit assumenda debitis quia maxime. Cum aut ea modi eum impedit. Velit ea dolorem doloremque explicabo eum.',1,1,'2014-09-07 22:11:35'),(17,36,81,'Quisquam fugiat sit et. Omnis voluptatum et consequatur esse sed doloremque rerum repudiandae. Dolores qui excepturi dolores sint qui et eligendi.',1,0,'2017-09-06 05:32:45'),(18,95,33,'Sunt repellendus tempora sit dolor ut hic. Rem voluptates quis qui aliquid. Totam aut rerum quisquam sed maxime. Modi provident veritatis occaecati a.',1,1,'2014-10-24 12:22:15'),(19,79,96,'Voluptatibus tempora molestiae et atque. Sit tenetur commodi eum a hic. Voluptatem quas a architecto illo iure voluptatem rerum.',0,1,'2021-04-21 05:55:48'),(20,44,29,'Molestiae et vel sit praesentium mollitia et. Beatae at porro exercitationem sint rerum repellendus nihil. Impedit vel reiciendis fugiat autem sunt quia.',1,0,'2012-05-04 02:00:34'),(21,12,72,'Reprehenderit quidem voluptate placeat. Quidem provident autem consequatur dolorem consequuntur repellendus. Veniam rem at rem fugiat.',1,1,'2020-03-09 23:04:14'),(22,26,12,'Corrupti beatae magnam alias facilis amet commodi amet. Modi laudantium quia perspiciatis non a iste sint aut. Sed est vel beatae quia id. Dolores explicabo voluptatem assumenda rem rem.',1,1,'2013-05-23 14:05:02'),(23,81,71,'Illum amet quasi ab et culpa. Eius explicabo pariatur et animi nesciunt. Animi accusantium aut molestiae.',0,0,'2014-11-16 23:29:58'),(24,10,36,'Rerum tempore explicabo voluptates laudantium laborum sit reprehenderit. Quis quidem iure enim quia repellat esse rem aut. Maiores eos et enim voluptas.',1,1,'2019-08-06 12:05:11'),(25,52,49,'Doloremque dolorum eum voluptatem consequatur. Accusamus id architecto libero ut est. Officia porro accusamus magnam impedit enim quia alias neque. Voluptas deserunt beatae maiores consequatur distinctio nihil. Ad porro repellendus commodi vitae aut dolorem.',0,0,'2020-05-17 10:54:32'),(26,91,5,'Velit adipisci est possimus ut. Optio ullam labore sunt nobis. Qui harum omnis esse minima.',0,1,'2012-06-13 00:09:55'),(27,53,51,'Rerum aspernatur impedit quaerat nihil amet a. Nobis excepturi in dolor quia quis voluptatem.',1,1,'2015-11-21 05:02:55'),(28,92,10,'Iste quasi facilis et harum et. Fuga distinctio consequatur magni repudiandae non. Voluptas laudantium sed maxime aliquid. Asperiores quam quia consequatur quam et adipisci quos.',1,0,'2015-11-10 10:47:45'),(29,70,23,'Et ratione quia totam sapiente ullam. Omnis nobis repudiandae occaecati explicabo in libero. Beatae culpa harum explicabo. Accusamus illum ut doloribus alias mollitia numquam repudiandae consequatur. Vero eligendi impedit et omnis facere.',1,0,'2021-02-09 12:59:59'),(30,2,43,'Occaecati quae beatae blanditiis ea. Sed ipsa non cupiditate aliquid. Dolorem dolores doloremque quasi dolor et perspiciatis quo. Voluptatem expedita inventore animi odit temporibus minima blanditiis.',0,1,'2019-09-09 21:43:42'),(31,8,10,'Eveniet aliquid fugit expedita voluptatibus. Voluptatem adipisci ut cumque qui earum. Quasi ipsum sed quos provident optio. Velit mollitia odio quasi voluptas voluptate.',1,1,'2020-07-03 03:43:57'),(32,26,99,'Esse qui omnis nulla officiis id laborum quod. Nihil libero quia odit magni delectus. Laboriosam illum dolorum pariatur quo sit perspiciatis. Saepe quo libero qui sed delectus.',0,0,'2014-10-01 02:46:55'),(33,18,92,'Amet ex nam est aperiam. Architecto ut suscipit quae. Fugit culpa quo consequatur quis aut error ut. Quasi veniam exercitationem reprehenderit eum expedita cupiditate non.',0,1,'2018-09-25 17:02:05'),(34,5,47,'Magni vel ipsum necessitatibus dolorem. Corporis quas placeat aspernatur voluptas pariatur rerum cupiditate et. Rerum doloremque odit cumque quisquam in.',1,1,'2020-12-15 02:53:20'),(35,19,53,'Deserunt ex ea sunt animi qui qui voluptas consequatur. Reprehenderit excepturi dicta tenetur optio tenetur quidem laudantium. Ea et dolorem quo occaecati et voluptatem dolorum cupiditate. Sed quas est eum est cupiditate nulla vitae.',0,0,'2018-02-03 07:10:17'),(36,9,84,'In in sed impedit quaerat deleniti voluptatem quia. Sint temporibus similique dicta alias nisi dolor. Ducimus vel labore aut.',1,1,'2017-08-17 08:54:07'),(37,92,7,'Corrupti tempora facilis velit labore. Deserunt enim in dolores culpa. Voluptas placeat voluptatibus occaecati qui quam incidunt ipsa. Facere vitae hic tempora eius omnis quia.',1,0,'2019-12-17 08:29:51'),(38,58,68,'Molestias placeat tempora deleniti et. Officiis eius consequatur deleniti qui. Aliquid doloribus porro labore animi.',0,1,'2016-01-26 19:14:48'),(39,67,30,'Et ab accusamus earum molestiae labore dolore. Repudiandae ratione eos rerum tempore nihil voluptate sit. Voluptatem nihil nesciunt voluptatum dolorum distinctio itaque est.',1,0,'2015-02-24 06:35:35'),(40,48,100,'Sit alias architecto explicabo voluptatum recusandae dolorum voluptatum. Et qui delectus rerum qui est dolores.',0,0,'2020-02-29 15:22:09'),(41,97,41,'Quis numquam ex sed iure tempora et. Officiis cum doloremque tenetur et ut qui at. Quia velit ratione voluptatem.',1,0,'2021-04-29 09:03:55'),(42,13,43,'Explicabo aut commodi voluptatem iusto. Dolorem excepturi voluptate dolor dolores et iure delectus. Nisi beatae nostrum autem voluptas est officiis. Natus est iusto corporis. Eum maiores ullam non consequatur atque fuga.',0,0,'2012-02-08 16:39:44'),(43,74,42,'Eligendi et praesentium omnis debitis sed libero hic. Amet fuga sunt et reprehenderit. In quo libero dolorem est porro et assumenda est.',1,1,'2018-02-12 20:40:53'),(44,85,1,'Harum sit enim cum aut eligendi rerum. Aut labore eos et quia dicta voluptates. In alias hic excepturi ipsum repellendus. Omnis nihil sapiente labore exercitationem voluptas ad. Placeat similique pariatur harum.',0,1,'2014-06-27 00:31:22'),(45,48,36,'Voluptate aut illo aut quia. Molestiae sequi et voluptate possimus aut dolor. Sapiente quo omnis nam voluptatem. Distinctio ut accusamus ducimus enim.',1,1,'2018-04-11 10:39:42'),(46,38,81,'Placeat accusantium cumque ut deserunt. Voluptatum nisi rem natus illo dolore quia.',1,1,'2020-06-18 15:27:02'),(47,89,2,'Corrupti doloremque voluptatem eaque minus facilis. Est officia quia iure accusamus molestiae eos corporis doloremque. Corporis iste et aut quis. Odit voluptatibus recusandae sint consequatur placeat eaque culpa.',0,0,'2020-03-11 09:28:27'),(48,41,99,'Et eaque aut itaque quam. Dolores deserunt eveniet illum sunt tempore reprehenderit et. Explicabo quo sed consequatur distinctio id. Rerum suscipit culpa suscipit voluptas dolores cum.',1,1,'2015-09-22 06:12:57'),(49,72,64,'Est qui aut autem totam. Praesentium quia nesciunt et iusto. In aut quia consequatur doloribus odio rerum. Odit in repudiandae molestiae accusantium est.',1,0,'2012-06-20 22:18:12'),(50,4,24,'Excepturi amet quia et omnis asperiores inventore. Vel alias non et. Adipisci aperiam delectus explicabo quia saepe et.',0,0,'2014-06-25 13:23:18'),(51,11,81,'Voluptatibus architecto rem repellendus enim velit vitae neque. Adipisci qui voluptatem provident fugiat. Ea aut tempore culpa voluptatem. Eum aliquid officiis consequatur quae assumenda sit.',0,0,'2018-03-14 08:43:11'),(52,72,18,'Minus maiores ut ad facilis sit rerum ab. Ea nihil velit repudiandae repudiandae ut. Quia ut omnis magni dicta id saepe. Rem consequatur accusamus omnis aliquid.',0,0,'2016-01-29 21:24:42'),(53,73,9,'Voluptas esse quia aspernatur sequi autem blanditiis. Quo consectetur impedit molestiae aspernatur. Harum culpa et accusamus molestias.',0,0,'2012-12-02 04:35:01'),(54,25,98,'Dolor recusandae odit ab et exercitationem rem. Laborum eos sed temporibus impedit. Tempore enim et aspernatur quia reiciendis aut et. Nesciunt incidunt et nihil magnam maiores officia.',0,0,'2013-11-05 18:42:29'),(55,13,71,'Ipsam dolores qui fugiat occaecati. Aut deleniti et esse sed ea iusto odio. Esse ut illo et blanditiis dolores eum neque.',1,1,'2021-04-20 11:48:04'),(56,14,59,'Veritatis vero ut et sunt ut debitis et in. Saepe omnis fuga molestias laudantium ea. Qui adipisci dolores modi impedit maiores et voluptatem.',0,1,'2021-05-14 01:13:57'),(57,51,80,'Repudiandae voluptatibus quam in velit consequatur eos rerum. Qui fugiat soluta et aspernatur porro quis. Cum ut animi laudantium blanditiis sit nemo.',0,0,'2020-12-19 10:23:38'),(58,45,83,'Natus cum velit quia cum magni blanditiis. Corrupti sunt excepturi laborum repellendus dolores in. Velit id et quo quia vel et omnis.',0,0,'2015-04-27 02:19:48'),(59,79,48,'Placeat vel suscipit suscipit. Nulla consequatur deleniti est minus. Beatae voluptatum laudantium repellendus dignissimos alias consequatur eos. Saepe expedita culpa voluptatum.',0,0,'2015-06-03 09:29:17'),(60,100,55,'Asperiores eligendi debitis quia odit aut velit. Et quos illum repellendus aperiam non aliquid porro numquam. Sunt adipisci voluptatum iure cumque voluptatem unde dolor.',1,0,'2019-02-04 11:39:22'),(61,77,20,'Ea voluptates delectus saepe sint vitae molestiae veritatis. Est perspiciatis odio quod similique. Pariatur itaque amet aut. Sunt nam quia minima rerum quos voluptates incidunt.',1,0,'2012-02-04 17:26:59'),(62,68,77,'Dolorem et distinctio non sint amet molestiae. Sint omnis voluptatem possimus officiis voluptate. Cumque et ex libero possimus quia.',0,0,'2013-08-23 03:15:03'),(63,82,78,'Tempore ex repellendus et soluta fuga. Praesentium molestiae sed illo architecto totam eius est. Facilis consequatur cumque corrupti. Molestias minima at et molestiae tenetur.',0,1,'2020-03-08 11:59:44'),(64,44,87,'Alias iusto dolor temporibus est quibusdam et nam facere. Tenetur sed et omnis voluptate esse et. Nemo nisi odio velit adipisci dolores nam. In ea asperiores amet maiores saepe consequatur.',1,1,'2016-02-09 00:20:04'),(65,3,52,'Eos illum quam sunt. Voluptates consequatur a nemo et beatae cupiditate consequatur. Id iusto et vitae voluptas et quo.',0,1,'2016-01-22 03:10:17'),(66,51,97,'Magnam et numquam quo. Sed laudantium dolores doloremque. Voluptate consequatur iusto voluptatem perspiciatis hic dolores enim. Fugit qui architecto temporibus repellendus.',1,0,'2019-08-21 15:53:14'),(67,34,76,'Impedit modi quisquam dolores dolorem officia. Quasi nihil quia earum et. Et qui libero excepturi sunt suscipit.',1,1,'2018-11-06 21:22:54'),(68,77,55,'Est exercitationem sit harum molestiae veritatis dolores officia. Non dolores dolores cum ducimus. Eveniet consectetur autem quo omnis.',1,0,'2019-02-01 20:40:08'),(69,47,69,'Pariatur expedita magni natus ut rerum dolor minima. Quisquam voluptas in vitae quia qui eos optio. Deserunt aut ut vitae et maiores.',0,1,'2017-10-05 16:06:52'),(70,2,4,'Sunt illum voluptas aut nobis est. Asperiores sint in hic incidunt nulla. Est aspernatur aliquid labore. Ratione ratione earum iste velit eos eaque eos.',1,0,'2013-09-14 10:23:57'),(71,11,45,'Beatae ea voluptates fuga quia. Perspiciatis rerum optio illo praesentium. Tenetur cumque id voluptatem illo ut non.',1,1,'2016-01-12 19:52:21'),(72,92,25,'Quis iusto voluptatem amet nihil possimus. Ut et sint quibusdam facere omnis porro. Nobis ea aliquam id consequatur blanditiis blanditiis qui.',1,0,'2011-09-03 23:10:36'),(73,48,64,'Quia enim expedita inventore aut delectus qui. Accusamus dolores ut eum. Nemo nihil et quia quos non adipisci occaecati. Expedita perferendis numquam iste recusandae et vero et.',0,0,'2012-04-16 11:08:12'),(74,75,82,'Rerum voluptate ipsa odio vitae cum. Esse dolorum aut totam autem. Dolor molestias architecto incidunt voluptatem velit. Omnis voluptatem nam non sapiente impedit quas.',1,1,'2016-11-27 14:41:57'),(75,84,72,'Aliquam totam dolores necessitatibus at incidunt et. Architecto alias ab ducimus qui veniam. Non dolorem ab dolorem et tempora magnam expedita.',0,0,'2015-03-20 16:56:22'),(76,10,32,'Ad non magni hic voluptate in. Expedita blanditiis eos quam omnis repellat. Deserunt qui eos rem mollitia tenetur tempora sit.',0,1,'2013-11-24 07:16:23'),(77,32,63,'Dolore et et dicta delectus. Quas quia quo veritatis nam. Recusandae praesentium ullam laudantium quia suscipit possimus facilis est. Delectus dolores qui ratione aliquam architecto dolores rem illum.',1,1,'2012-04-29 23:03:40'),(78,19,5,'Voluptatem hic qui nostrum ut. Aut veritatis doloribus odio totam. Voluptatum aut optio et et.',1,0,'2014-11-04 20:13:54'),(79,66,15,'Rerum qui repudiandae qui recusandae. Dolorum iure voluptates quia minus. Velit voluptas deleniti doloribus officiis. Voluptas nam quam rerum aut enim.',1,1,'2017-11-29 07:22:17'),(80,78,45,'Necessitatibus omnis perferendis laborum est. Atque aut voluptatum tempore deserunt earum. Vero omnis quo fuga impedit culpa repellat. Exercitationem ducimus nam dolorum nam.',1,1,'2019-06-02 17:54:41'),(81,88,5,'Illo ea voluptatum quae ex repellendus. Accusamus eius voluptates facere et culpa. Est nostrum natus sit labore voluptatem quo voluptatem.',1,0,'2012-01-25 10:49:32'),(82,62,95,'Et ea nam placeat dolorum ut accusamus hic. Fugit fugit eveniet sunt ut provident est et. Qui pariatur nam nihil tempore occaecati architecto. Iusto voluptas dolorem qui quo alias.',1,0,'2020-03-06 09:35:09'),(83,87,50,'Eaque optio sunt quisquam accusantium modi et quia. Alias est laborum et. Dolorem veniam molestiae magnam repellat minima impedit deserunt.',0,0,'2012-06-24 18:07:55'),(84,88,91,'Et voluptatem voluptatem hic vel ea sint. Ea ad consequatur expedita natus in. Perferendis ut commodi sunt et laborum. Saepe culpa quis nobis reiciendis.',1,1,'2013-03-11 12:39:11'),(85,89,71,'Dolorum et illo animi voluptas dolor quae. Hic soluta nihil magni blanditiis iusto. Nulla aut tempore corrupti aut. Aut in mollitia dolore sequi et quasi temporibus totam.',0,1,'2012-05-26 08:03:48'),(86,88,27,'Pariatur placeat dolor eos enim optio adipisci reprehenderit. Doloribus inventore et magni officiis magnam amet. Dolorem eum dolores architecto labore non.',0,0,'2011-12-14 14:26:34'),(87,69,66,'Maiores et in id. Voluptatem vero mollitia iusto et soluta provident commodi. In eligendi a et. Assumenda enim nam sapiente delectus quia quos.',0,0,'2021-01-30 09:46:33'),(88,22,11,'Neque recusandae sunt odio aut aut voluptatibus. Nesciunt harum facere eveniet occaecati voluptas pariatur molestias dignissimos. Velit est ipsa autem rerum rerum autem eos omnis. Eligendi repellendus sunt beatae.',1,1,'2020-02-25 19:58:51'),(89,90,14,'Quia assumenda nemo et laborum fuga sed eligendi suscipit. Sunt et molestiae culpa quis iste saepe. Odio perspiciatis et id rerum consequatur et.',0,0,'2014-03-10 01:22:53'),(90,1,62,'Nihil atque est sunt mollitia sit rerum. Omnis molestiae modi vel totam et. Fugit enim earum et tempore et qui soluta omnis.',0,0,'2012-04-13 02:51:24'),(91,8,51,'Eum tempore est quod ut necessitatibus ut. Molestiae nesciunt quos assumenda praesentium quasi. Amet dicta quo at blanditiis deleniti quas corporis.',1,1,'2012-06-17 02:00:19'),(92,33,11,'Facere quo id voluptatem ut molestias rerum eaque. Autem aliquam alias et sapiente omnis totam itaque autem. Error et et voluptatem. Molestiae libero non omnis et voluptas.',1,0,'2014-07-04 12:08:07'),(93,55,42,'Quidem asperiores eaque voluptatem harum itaque velit aliquid. Quos sequi dignissimos soluta quod illum sequi. Aperiam voluptatem quaerat est numquam ut culpa libero. Nemo dolore adipisci veniam et recusandae a error voluptatum.',1,0,'2018-11-03 19:32:29'),(94,45,97,'Reiciendis magni impedit voluptas impedit sit. Temporibus est possimus et omnis. Accusantium velit dolore quis.',1,0,'2020-07-17 11:46:02'),(95,50,60,'Et aperiam iusto ut consequatur temporibus. Ullam nemo atque et enim fugiat tenetur sed officiis. Dolor occaecati aperiam nisi dolor repellat placeat quis.',1,1,'2014-04-11 02:51:22'),(96,50,70,'Doloribus occaecati omnis molestiae autem dolor. Ea quisquam sit vero voluptatum iusto facilis eligendi.',1,1,'2020-11-11 16:28:28'),(97,99,82,'Est ipsa itaque voluptate. Aliquam harum sint et rem reprehenderit est minima. Illum cupiditate et repellendus quidem est.',1,0,'2019-11-29 10:08:17'),(98,15,28,'Et iure nobis exercitationem in adipisci ut voluptatem. Voluptatem est fugiat et cumque eos totam repellendus. Dignissimos non ab voluptas recusandae necessitatibus.',1,1,'2016-07-11 06:34:12'),(99,95,88,'Porro qui dolor modi optio quibusdam enim at. Sint cumque aut sed consequatur omnis eligendi nulla. Qui quo consequatur itaque accusamus doloremque voluptatum.',0,0,'2021-02-06 16:31:59'),(100,56,16,'Ab dolorem optio distinctio et numquam iste exercitationem. Id est deserunt perferendis sit et qui consequatur. Laudantium nemo atque itaque asperiores.',1,1,'2018-03-06 02:59:25');
/*!40000 ALTER TABLE `messages` ENABLE KEYS */;
UNLOCK TABLES;

--
-- Table structure for table `multi_genre_films_serials`
--

DROP TABLE IF EXISTS `multi_genre_films_serials`;
/*!40101 SET @saved_cs_client     = @@character_set_client */;
/*!50503 SET character_set_client = utf8mb4 */;
CREATE TABLE `multi_genre_films_serials` (
  `id` int unsigned NOT NULL AUTO_INCREMENT,
  `genre_id` int unsigned NOT NULL COMMENT '  ',
  `film_id` int unsigned DEFAULT NULL,
  `serial_id` int unsigned DEFAULT NULL,
  PRIMARY KEY (`id`),
  KEY `multi_genre_films_serials_genre_id_fk` (`genre_id`),
  KEY `multi_genre_films_serials_f_fk` (`film_id`),
  KEY `multi_genre_films_serials_s_fk` (`serial_id`),
  CONSTRAINT `multi_genre_films_serials_f_fk` FOREIGN KEY (`film_id`) REFERENCES `films` (`id`),
  CONSTRAINT `multi_genre_films_serials_genre_id_fk` FOREIGN KEY (`genre_id`) REFERENCES `genres` (`id`),
  CONSTRAINT `multi_genre_films_serials_s_fk` FOREIGN KEY (`serial_id`) REFERENCES `serials` (`id`)
) ENGINE=InnoDB AUTO_INCREMENT=101 DEFAULT CHARSET=utf8mb4 COLLATE=utf8mb4_0900_ai_ci;
/*!40101 SET character_set_client = @saved_cs_client */;

--
-- Dumping data for table `multi_genre_films_serials`
--

LOCK TABLES `multi_genre_films_serials` WRITE;
/*!40000 ALTER TABLE `multi_genre_films_serials` DISABLE KEYS */;
INSERT INTO `multi_genre_films_serials` VALUES (1,11,36,36),(2,10,62,86),(3,6,61,72),(4,11,76,43),(5,12,9,79),(6,10,12,49),(7,2,99,65),(8,4,48,54),(9,4,63,41),(10,2,45,83),(11,11,59,46),(12,8,41,37),(13,9,1,15),(14,10,11,41),(15,10,44,96),(16,7,56,34),(17,1,6,22),(18,12,95,100),(19,2,56,48),(20,10,8,26),(21,1,58,67),(22,8,94,95),(23,12,67,65),(24,4,23,42),(25,6,74,49),(26,4,74,97),(27,8,8,61),(28,11,26,82),(29,5,17,87),(30,11,45,81),(31,9,2,1),(32,13,95,77),(33,13,63,16),(34,12,7,60),(35,11,11,22),(36,10,6,5),(37,1,19,75),(38,3,62,57),(39,13,18,98),(40,5,73,64),(41,13,8,38),(42,9,23,13),(43,13,34,87),(44,4,94,77),(45,13,69,47),(46,4,89,68),(47,10,47,22),(48,10,88,27),(49,10,68,31),(50,7,59,41),(51,4,26,38),(52,2,43,82),(53,11,46,93),(54,4,59,11),(55,11,62,73),(56,10,65,96),(57,11,28,89),(58,8,41,19),(59,10,96,69),(60,8,69,80),(61,12,14,95),(62,5,88,36),(63,3,72,9),(64,4,21,14),(65,1,86,14),(66,2,11,23),(67,11,38,46),(68,3,43,65),(69,13,87,46),(70,9,7,26),(71,2,68,11),(72,7,18,38),(73,5,73,52),(74,5,39,78),(75,10,21,92),(76,13,100,16),(77,11,46,91),(78,3,20,43),(79,7,40,37),(80,9,9,53),(81,5,24,9),(82,10,37,67),(83,3,3,55),(84,9,46,45),(85,11,88,84),(86,8,40,22),(87,12,76,14),(88,6,74,41),(89,11,77,44),(90,12,16,11),(91,1,98,72),(92,9,9,48),(93,2,22,68),(94,10,71,28),(95,4,59,7),(96,8,73,89),(97,3,46,63),(98,10,95,42),(99,4,98,14),(100,10,31,31);
/*!40000 ALTER TABLE `multi_genre_films_serials` ENABLE KEYS */;
UNLOCK TABLES;

--
-- Table structure for table `news`
--

DROP TABLE IF EXISTS `news`;
/*!40101 SET @saved_cs_client     = @@character_set_client */;
/*!50503 SET character_set_client = utf8mb4 */;
CREATE TABLE `news` (
  `id` bigint unsigned NOT NULL AUTO_INCREMENT,
  `title` varchar(50) CHARACTER SET utf8mb4 COLLATE utf8mb4_unicode_ci DEFAULT NULL,
  `body` text CHARACTER SET utf8mb4 COLLATE utf8mb4_unicode_ci,
  `film_id` int unsigned DEFAULT NULL,
  `serial_id` int unsigned DEFAULT NULL,
  `created_at` datetime DEFAULT CURRENT_TIMESTAMP,
  PRIMARY KEY (`id`),
  KEY `news_films_id_fk` (`film_id`),
  KEY `news_serials_id_fk` (`serial_id`),
  CONSTRAINT `news_films_id_fk` FOREIGN KEY (`film_id`) REFERENCES `films` (`id`),
  CONSTRAINT `news_serials_id_fk` FOREIGN KEY (`serial_id`) REFERENCES `serials` (`id`)
) ENGINE=InnoDB AUTO_INCREMENT=101 DEFAULT CHARSET=utf8mb4 COLLATE=utf8mb4_unicode_ci;
/*!40101 SET character_set_client = @saved_cs_client */;

--
-- Dumping data for table `news`
--

LOCK TABLES `news` WRITE;
/*!40000 ALTER TABLE `news` DISABLE KEYS */;
INSERT INTO `news` VALUES (1,'Eveniet est sunt accusamus odit rem quas asperiore','Qui velit ullam nihil qui distinctio provident excepturi quia. Asperiores in ut eaque numquam vel hic eos. Qui eum qui ea possimus. Velit nobis et harum nobis iste. Aut esse illum iste qui debitis voluptas.',NULL,15,'1999-11-21 00:00:00'),(2,'Aliquam et eveniet exercitationem facilis.','Vel eos odio quibusdam voluptatum ut. Est dolores rem impedit et id. Minus alias consequatur sed deserunt facere quas. In voluptatem numquam laboriosam voluptatem pariatur.',NULL,47,'2011-08-21 00:00:00'),(3,'Totam sed illo quia ullam nihil consectetur.','Corporis quasi animi error illo. Praesentium quo et autem numquam sapiente in. Id porro voluptas qui omnis voluptates magnam aut. Sint accusantium odio quas distinctio facilis nemo qui.',NULL,89,'2014-01-22 00:00:00'),(4,'Corrupti asperiores iusto expedita et libero quia ','Consequuntur corrupti et et. Porro quis dolorem repudiandae commodi omnis error. Quis rem sint fugit at possimus.',NULL,4,'1999-09-28 00:00:00'),(5,'Illum nam nihil id est maxime.','Recusandae ducimus dolorum saepe maxime maiores. Non ut qui expedita quis vero quidem qui laborum. Repellat excepturi at et autem maxime blanditiis sit dolor. Molestiae veritatis nihil ex corporis qui inventore in.',NULL,52,'2016-02-25 00:00:00'),(6,'Consequatur quis blanditiis labore deleniti totam.','Autem unde veritatis cum eligendi perspiciatis laborum. Aut nobis delectus non.',NULL,47,'1990-11-10 00:00:00'),(7,'Ut commodi ut nulla magni eligendi nesciunt dolore','Rem eum suscipit sequi sunt quo placeat. Neque aspernatur dicta maiores vitae nihil blanditiis molestiae. Dolores architecto commodi aperiam qui iusto repudiandae.',NULL,79,'1998-12-30 00:00:00'),(8,'Tempora modi et rerum ad voluptates ipsam.','Minus ut eveniet mollitia itaque. Voluptas ut in iure fuga nemo ad incidunt. Fugiat suscipit corrupti est rerum non itaque. Voluptatem voluptates molestiae pariatur fuga illo.',NULL,55,'1984-06-06 00:00:00'),(9,'Nam totam debitis magnam maiores non quos fugiat.','Recusandae vel possimus rem saepe qui. Nam enim magnam ipsam sint dolores ut et in. Inventore quia in ipsa occaecati aliquam consequuntur et.',NULL,38,'2001-03-23 00:00:00'),(10,'Nostrum ut veritatis dolor deleniti iste ut.','Ullam suscipit quae incidunt dolorem ea nam dignissimos omnis. Beatae fugiat amet ullam in quia. Reprehenderit ut ut dolor similique odio.',NULL,25,'1973-05-30 00:00:00'),(11,'Reiciendis inventore fugiat quo distinctio possimu','Quaerat voluptatem ex voluptatem id. Omnis enim eaque voluptas et aliquid eum iusto. Facilis quia omnis vero esse adipisci cumque sed neque. Optio aut consequatur possimus mollitia enim qui sint.',NULL,8,'1978-08-12 00:00:00'),(12,'Est rem voluptates cumque reiciendis.','Exercitationem sequi dolorem odit est. Tempore dolorum dignissimos quia voluptatibus qui autem et. Aut at aut et.',NULL,65,'2014-11-26 00:00:00'),(13,'Quibusdam vel dignissimos dolores libero et.','Corrupti nobis aut nisi voluptatem placeat molestias maiores. Ullam deleniti repellat pariatur harum et odio earum. Et et dolorum aut qui. Quos temporibus inventore velit qui non id.',NULL,3,'1985-09-28 00:00:00'),(14,'Non distinctio et totam voluptatem nostrum.','Atque nesciunt cumque illum tempore quidem omnis nam. Alias inventore debitis explicabo quo. Debitis quod cupiditate numquam odit. Impedit quia saepe rem voluptatem illum.',NULL,18,'2020-02-10 00:00:00'),(15,'Architecto dolores ad odit quas ut.','Ducimus cupiditate quis quos voluptate tempora sit aut sed. Ut qui similique eos enim. Et et voluptatem tenetur consequatur. Dolorem tempora quam harum qui sed fuga.',NULL,79,'2006-11-30 00:00:00'),(16,'Recusandae incidunt aut est est sequi.','Et magni odit ut libero. Optio fugiat deleniti officiis labore libero maiores debitis. Aperiam earum fuga libero illo doloribus quis. Inventore quibusdam vel magnam similique qui.',NULL,40,'1989-07-07 00:00:00'),(17,'Omnis autem at omnis ea hic.','Dolorem dolore nisi ab. Ullam qui molestias laboriosam nobis. Ut necessitatibus quisquam ea rem.',NULL,61,'1979-08-20 00:00:00'),(18,'Aut aut eaque est quas omnis error.','Neque placeat blanditiis sint et numquam. Tempore tempora et praesentium. Sunt cupiditate dolorem id libero. Voluptas nesciunt est ut repellendus aut laboriosam.',NULL,88,'1985-05-11 00:00:00'),(19,'Quo modi nihil est quis impedit sed.','Qui omnis tempore inventore officia sint. In aliquam ipsa commodi deserunt. Unde aliquid suscipit ut dolore quam quia iusto laborum. Eveniet commodi consectetur laboriosam quos.',NULL,57,'1974-11-05 00:00:00'),(20,'Quo expedita velit voluptatibus expedita voluptate','Libero ratione voluptatem molestiae reprehenderit. Quia eum commodi sequi facere nisi eum. Repellendus id adipisci quos ipsum ut.',71,NULL,'1981-08-11 00:00:00'),(21,'Tempora vel cumque eos rem repellat doloremque est','Quia suscipit eaque qui iure quia quod ipsum. Sequi officia soluta voluptatem velit nam harum incidunt. Ullam ab deserunt ut praesentium neque ratione sint. Repellat sed veritatis enim velit et.',36,NULL,'1980-08-13 00:00:00'),(22,'Optio suscipit veritatis ipsum.','Mollitia sint quia quibusdam dolores. Ut rerum totam sit corrupti ut distinctio. Nulla et omnis harum velit fugit est. Modi a quia est optio aperiam culpa est.',66,NULL,'1992-12-10 00:00:00'),(23,'Quibusdam non aut amet accusantium cumque est.','Et minus quod possimus quidem voluptate consequuntur. Ullam aut possimus a tempora fugit. Consequatur deleniti qui qui.',23,NULL,'2001-06-24 00:00:00'),(24,'Optio voluptas facere eius nulla assumenda.','Pariatur adipisci accusamus blanditiis autem rem. Veniam et quasi dolor aut reprehenderit ea. Culpa et non quis maxime sed quis fugit.',16,NULL,'1973-05-23 00:00:00'),(25,'Alias tempore unde quia et velit qui.','Et quod atque molestiae quas. Vel delectus est non temporibus dolorum voluptatem. Dignissimos voluptate soluta impedit occaecati tempore fugit.',9,NULL,'2005-08-13 00:00:00'),(26,'Vel asperiores accusantium sapiente soluta quo vol','Quidem veritatis aperiam repudiandae natus veniam vero ut cumque. Consequatur quibusdam dolore eaque voluptas impedit. Vitae adipisci sequi similique delectus est autem. Sed recusandae harum aperiam debitis.',98,NULL,'1976-06-04 00:00:00'),(27,'Maxime ut earum et.','Voluptatum aut reiciendis qui consequuntur alias ipsam. Fugit deleniti tempore voluptatem et. Delectus distinctio debitis voluptatem est veniam qui aut.',62,NULL,'1981-07-07 00:00:00'),(28,'Et sit vero sunt autem.','Nostrum numquam qui rerum est quasi beatae perspiciatis. Molestias omnis saepe quod atque eius iure. Aut quidem necessitatibus non quas voluptas aut soluta architecto. Aut aut id laboriosam totam ratione. Explicabo soluta qui qui unde minima est dolores.',17,NULL,'2017-10-04 00:00:00'),(29,'Recusandae corporis est eligendi dolor.','Ut voluptatibus ut voluptatem aut magnam necessitatibus velit. Necessitatibus in quae accusamus quod atque voluptatibus nulla ipsa.',96,NULL,'2016-01-30 00:00:00'),(30,'Sunt ut voluptates eum omnis voluptas maiores et.','Inventore accusamus maiores quo quibusdam cum nisi. Id ratione ullam porro dolore repellat voluptas. Voluptatem ipsum velit asperiores.',30,NULL,'1980-03-05 00:00:00'),(31,'Dignissimos maxime et officia inventore et.','Illo eum dolorum unde. Animi error perferendis voluptas quia qui consequatur. Possimus qui voluptatem veniam voluptas rem. Aut vel sapiente quod ut tenetur nisi libero.',61,NULL,'1997-12-12 00:00:00'),(32,'Commodi non tempore ut id et ad.','Iusto distinctio laboriosam aut sapiente. Nesciunt et sint voluptas sit mollitia. Ut et omnis eveniet culpa omnis eaque ipsum.',15,NULL,'1983-01-16 00:00:00'),(33,'Quas corporis reprehenderit et est id.','Iusto provident distinctio et omnis sit voluptas. Quia ad harum libero qui dolorum exercitationem. Non sapiente assumenda ut quae.',93,NULL,'1973-10-16 00:00:00'),(34,'Nemo architecto et sed nobis.','Et rerum ut eos qui accusamus esse id. Omnis adipisci est perspiciatis consequuntur iusto. Est reprehenderit consequatur optio asperiores repellendus id enim. Nesciunt vel nisi consequatur unde ut asperiores et voluptas.',17,NULL,'1988-10-17 00:00:00'),(35,'Illum dolores quod soluta sequi optio est laborios','Dignissimos cum sed doloremque velit aspernatur. Vel quis quia vel dolorum et doloribus.',7,NULL,'2016-05-15 00:00:00'),(36,'Qui accusantium quam molestias nobis quibusdam nul','Qui voluptatem eius quia qui delectus dolorem. Dolorem quibusdam aliquam vel et incidunt qui vero odit. Dicta sit ut recusandae distinctio ullam. Qui reiciendis tenetur consequatur dolor est exercitationem totam. Rerum vel perferendis ipsam voluptatem error et rerum.',83,NULL,'1990-01-31 00:00:00'),(37,'Ipsa deserunt esse aut.','Hic sapiente quo non aut voluptatum molestias. Enim sapiente numquam perspiciatis aut rerum repudiandae suscipit. Inventore expedita reprehenderit rem quia. Animi a quae perferendis velit modi quasi.',94,NULL,'2017-12-17 00:00:00'),(38,'Tempore eum ut delectus quo iure quia molestiae.','Laborum velit dicta sunt veritatis ea. Animi placeat ratione et voluptate esse illo dignissimos. Perferendis at eveniet qui voluptas et libero expedita.',18,NULL,'2017-04-20 00:00:00'),(39,'Iure necessitatibus suscipit autem molestias nihil','Tenetur non voluptas sunt unde alias. Non sit sit et explicabo velit. Aliquam at quis consequuntur rerum cupiditate. Dolorem enim voluptatem magni sint quas.',10,NULL,'2008-07-10 00:00:00'),(40,'A facere enim ipsa accusantium.','Eligendi sit quisquam amet itaque beatae et. Cupiditate quibusdam soluta perferendis repellendus. Quis cupiditate accusamus est consectetur in in minus hic. Enim placeat delectus earum exercitationem cupiditate. Necessitatibus nihil quis numquam ab.',97,NULL,'1995-10-08 00:00:00'),(41,'Numquam reiciendis asperiores voluptatum nulla vol','Labore hic molestias dolores ut. Dolorem labore aut quos enim. Voluptatem aperiam perspiciatis numquam omnis aut illum. Doloribus eveniet quaerat dolorem quis.',53,NULL,'2000-04-06 00:00:00'),(42,'Laborum illum velit hic omnis in.','Laborum iste esse et mollitia eaque quos. A soluta nostrum impedit rerum et ut. Id eligendi qui similique non eveniet.',72,NULL,'2015-01-17 00:00:00'),(43,'Consequatur voluptate modi est optio ut.','Ducimus esse velit excepturi accusantium eligendi laboriosam. Nulla facilis ad laborum fugit ut doloribus.',1,NULL,'2011-04-10 00:00:00'),(44,'Numquam ea enim consequuntur officia.','Itaque perferendis atque velit dolores illum molestiae omnis. Minus voluptatem eligendi at at. Magnam inventore et esse eligendi culpa voluptas dolore.',89,NULL,'1975-10-19 00:00:00'),(45,'Ut quia inventore occaecati labore.','Vero voluptatem id saepe est officiis. Est nobis eligendi nisi perspiciatis. Illum deleniti sed harum explicabo sapiente.',41,NULL,'2017-10-09 00:00:00'),(46,'Id doloremque nobis velit tenetur possimus qui ape','Dolorem earum consequatur adipisci suscipit quo. Porro fugiat at ut facilis eum suscipit non. Mollitia qui odio eum explicabo molestias ad ut inventore.',39,NULL,'2007-07-30 00:00:00'),(47,'Quo fuga veniam libero omnis nostrum ipsum.','Ut eius consectetur excepturi quaerat. Et sit quibusdam voluptatem consequuntur similique ea. Id veniam non cupiditate rerum qui ut veniam.',70,NULL,'2019-04-19 00:00:00'),(48,'Voluptatem nihil laudantium facilis est voluptas.','Laboriosam non iure cum a quidem quas. Eum laudantium odit aut illo sequi ullam. Temporibus similique repellendus saepe explicabo a sed.',32,NULL,'1992-03-31 00:00:00'),(49,'Facilis temporibus quasi illum quaerat.','Amet voluptatem debitis veniam rem totam molestiae voluptas. Asperiores distinctio qui sit aspernatur iure itaque. Est et magnam corrupti ea cumque error quaerat aut. Magni ea aliquam quas dolorem ea.',48,NULL,'1970-02-26 00:00:00'),(50,'Quasi asperiores modi nam et pariatur.','Rem dolorum laudantium excepturi deserunt. Laudantium praesentium sit corporis non dolores ut vitae tenetur. Quisquam aperiam aut expedita dolores consectetur. Similique quo temporibus voluptatem soluta neque veniam et.',47,NULL,'1992-12-11 00:00:00'),(51,'Aut optio et placeat itaque accusantium.','Vero corporis ipsam magni natus qui ut dolor. Et voluptas occaecati repellat sed et quidem temporibus et. Provident facere est eligendi ut culpa est. Maxime necessitatibus earum necessitatibus libero aliquid voluptatem.',89,NULL,'1987-03-30 00:00:00'),(52,'Eum quis laudantium modi voluptatum.','Aliquid aut a autem. Natus quis laboriosam dignissimos temporibus quis vero. Dolor ut incidunt provident facilis molestiae.',5,NULL,'1981-11-21 00:00:00'),(53,'Dolores necessitatibus enim distinctio cupiditate ','Nostrum ad distinctio amet eveniet dolor est hic. Et occaecati eos atque necessitatibus at. Commodi quo harum quo culpa.',56,NULL,'1993-06-27 00:00:00'),(54,'Quasi molestiae fugiat vero aut velit exercitation','Architecto adipisci voluptatem et atque. Alias et distinctio quasi occaecati veniam. Ipsa vitae possimus repellendus et officiis necessitatibus in. Laborum rerum dolor quia rerum quisquam et.',66,NULL,'1975-03-11 00:00:00'),(55,'Quo rem aut unde rerum.','Consequuntur aut dolorem ut eveniet. Autem quia ducimus vel voluptas. Dolor ea non animi laborum magnam repellendus enim pariatur.',60,NULL,'2004-10-09 00:00:00'),(56,'Nihil sit qui a voluptatibus aliquam.','Recusandae magnam suscipit aut dolor. Necessitatibus sit eum placeat. Voluptate aut id quam ea est et. Consectetur praesentium cumque quae maxime earum assumenda qui ut.',1,NULL,'1997-01-27 00:00:00'),(57,'Ipsa eveniet quos fugiat qui aut et velit.','Reiciendis voluptatibus libero ut quis. Et suscipit ut in quo iusto quia.',25,NULL,'1975-01-13 00:00:00'),(58,'Nobis consequatur inventore enim quo omnis.','Id sint placeat aliquid ut et. Iusto qui rem totam impedit sunt aliquid reiciendis. Dolores velit maxime mollitia est rerum eos. Debitis laudantium a adipisci consequatur. Eveniet aliquam aperiam pariatur dolore illum quisquam qui.',21,NULL,'2015-06-15 00:00:00'),(59,'Cumque animi ratione fugiat saepe minima et quos.','Laudantium voluptatem aut odio quas non. Omnis quasi iure harum quis. Et vel doloribus libero molestiae. Qui aut necessitatibus et aliquid minima veritatis dignissimos sint.',29,NULL,'1983-11-12 00:00:00'),(60,'Praesentium qui modi cupiditate vel.','Aspernatur omnis et iste reprehenderit. Aut molestiae eligendi atque et impedit aliquam. Non porro tenetur culpa quo ad possimus sint. Ut qui quam est quia ut ea quasi.',82,NULL,'1987-02-22 00:00:00'),(61,'Voluptatem consequatur ut voluptas dolor ducimus.','Autem dolorum optio sed molestiae nihil aut voluptatem. Suscipit qui culpa molestias minima dolorem quo blanditiis. Vel ut nihil sed.',NULL,58,'2011-05-23 00:00:00'),(62,'Quasi laboriosam voluptates ad.','Voluptas aut vel ea aliquam aut corrupti. Voluptatem ex facere corporis distinctio laudantium. Animi non minima voluptatibus aliquid velit natus. Exercitationem placeat consequuntur sed vitae animi neque.',NULL,25,'1972-06-27 00:00:00'),(63,'Ex dolore non nostrum ab.','Cum sint repellendus officia excepturi. Ipsa labore eligendi totam dignissimos sed neque. Ea aliquid voluptates aut ut voluptate omnis.',NULL,49,'1991-06-05 00:00:00'),(64,'Ullam alias voluptatem enim totam consectetur aute','Aut aut similique reiciendis voluptatibus tempore vero doloremque. Quae dicta nam et distinctio aut voluptatem. Saepe et corrupti ducimus consequatur. Aut aperiam nobis magni ullam.',NULL,68,'1986-11-05 00:00:00'),(65,'Non quaerat omnis amet a distinctio omnis.','Qui alias nobis doloribus autem eum magni dolor qui. Alias placeat fuga recusandae aut voluptatibus reprehenderit amet. Ratione quibusdam occaecati rerum quia voluptatum eaque. Autem ipsam fugit omnis ab.',NULL,94,'1999-05-05 00:00:00'),(66,'Impedit praesentium perferendis qui temporibus dol','Sit quo facilis est numquam. Nemo aut et ut consequatur iusto omnis.',NULL,66,'1989-07-21 00:00:00'),(67,'Possimus veniam placeat tempora voluptates volupta','Dolores explicabo dolor cum aliquid. Ex vitae et vel quos non provident ducimus dolor. Voluptate dolor labore nobis possimus ullam et. Facere ab id possimus dolorem corporis sint voluptas.',NULL,47,'1971-11-22 00:00:00'),(68,'Qui eius eaque et nulla impedit in totam.','Vel error laudantium pariatur dolorum voluptatum ratione commodi. Optio in laboriosam eaque esse non dolor. Iste est repellat aut aut placeat corrupti aperiam.',NULL,36,'2020-07-03 00:00:00'),(69,'Aliquam eligendi quo odio excepturi quam ut.','Aut voluptas earum temporibus nihil nihil natus illo dolore. Veniam voluptatum in repudiandae culpa minima minus. Eligendi consequatur est sed nesciunt laboriosam iure neque.',NULL,38,'2001-10-14 00:00:00'),(70,'Velit magni qui ullam et.','Blanditiis mollitia enim quibusdam incidunt temporibus. Commodi dolores aliquid tempore voluptatibus distinctio.',NULL,80,'2006-04-08 00:00:00'),(71,'Provident iste minus porro voluptates doloribus ne','Inventore repellat sed assumenda officia consequatur. At eos fugit ea mollitia. Eos distinctio aperiam et facere excepturi aut.',NULL,89,'1999-10-09 00:00:00'),(72,'Ea quia error id nostrum quia cum fuga in.','Voluptas at natus quaerat nobis ut excepturi. Sit et error nihil explicabo et sit. Rem aut ut esse impedit sed sit. Et qui reprehenderit cum ut sed unde.',NULL,2,'2020-07-26 00:00:00'),(73,'Dolorum perferendis vel sit repellendus dignissimo','Perspiciatis maxime architecto voluptas voluptatem magnam sequi id. Dolores sint quia et et. Nostrum quo aut temporibus porro ipsa. Quod exercitationem minus est mollitia velit adipisci perspiciatis.',NULL,44,'1989-09-07 00:00:00'),(74,'Ratione quae vitae quia.','Consequatur voluptatem nihil eius dicta modi consequatur nulla ipsum. Accusamus accusantium modi labore. Impedit deleniti dolorem non ducimus. Pariatur exercitationem veniam voluptatem unde tempora voluptas consequuntur et.',NULL,13,'2018-08-01 00:00:00'),(75,'Eaque doloremque consequuntur commodi qui aut saep','Fugit aliquam ut enim. Et qui dolorum enim similique saepe. Sed dolor quia et quae. Reprehenderit delectus rerum sed blanditiis. Ut repudiandae sit veritatis necessitatibus doloribus.',NULL,31,'1996-02-24 00:00:00'),(76,'Expedita numquam ut adipisci ipsum rem illum nisi.','Assumenda sint dolorum alias laudantium nesciunt voluptas id. Voluptates veniam unde et possimus occaecati. Veritatis autem qui repellat voluptatem maxime possimus laudantium. Et eum sed natus veniam.',NULL,17,'2017-05-28 00:00:00'),(77,'Debitis ipsa repellendus maxime omnis sed ipsam.','Blanditiis neque dolores rerum molestias. Cumque illum dicta enim qui sint et esse quisquam. Earum saepe repellat et. Dolor possimus doloremque nesciunt magnam dolorem. Eos non architecto sed quas animi placeat ut.',NULL,92,'1985-09-14 00:00:00'),(78,'Labore vel qui quod eum.','Repudiandae vel quam id. Consequuntur beatae repellat facere natus non. Laborum debitis nostrum eaque non dolores sint.',NULL,6,'2000-06-07 00:00:00'),(79,'Qui rerum sequi corrupti consequatur.','Eius voluptates saepe consequuntur. Voluptate ut aut officiis aut. Repudiandae repellat adipisci non optio tempore.',NULL,56,'2002-11-22 00:00:00'),(80,'Quam aliquam sapiente molestiae assumenda.','Provident est sunt saepe nulla voluptate perferendis. Qui in sapiente amet tempore doloremque est sint. Quasi rerum aut et facilis voluptatum. Nemo iste voluptas sapiente eum consectetur et.',NULL,59,'1977-11-12 00:00:00'),(81,'Dolorum nostrum ipsa accusantium.','Qui enim quisquam pariatur excepturi vel. Fuga tempora aut omnis sunt est accusamus. Adipisci iure odit ut odit sed optio.',NULL,29,'1991-11-13 00:00:00'),(82,'Autem enim animi id.','Et illo temporibus est nesciunt architecto. Quia voluptate quae facere facilis quo. Voluptatem aut dicta qui enim.',NULL,68,'1993-08-27 00:00:00'),(83,'Quia modi nostrum voluptas quis atque voluptas lab','Dolores doloribus provident itaque placeat aut quia nihil. Blanditiis provident culpa amet omnis consequatur similique. Explicabo ipsa temporibus qui veniam at sunt. Enim aut illum harum pariatur ut.',NULL,51,'1981-06-19 00:00:00'),(84,'Aut eum vel earum eos ex qui quidem.','Aliquam voluptatem et sunt aliquam beatae. Consectetur dignissimos ut enim accusamus nam. Modi enim et dolores sint.',NULL,49,'1977-05-23 00:00:00'),(85,'Quo ullam rerum quaerat eum.','Sit omnis reiciendis ut saepe facilis qui. Non odio soluta blanditiis praesentium aut eius sint. Non maiores hic necessitatibus quae ipsa.',NULL,93,'2021-04-30 00:00:00'),(86,'Neque aut reiciendis voluptas aperiam eligendi mai','Asperiores ut et earum voluptate omnis explicabo. Fuga repellendus vel labore hic et. Corporis aut porro ut officiis autem necessitatibus asperiores porro.',NULL,17,'1992-02-26 00:00:00'),(87,'Nihil ut a commodi iure quia eius cupiditate.','Ut commodi et sequi dolor animi. Minima blanditiis ut sapiente aliquam error. Enim similique ut quo assumenda molestias. Mollitia asperiores assumenda magni omnis aperiam.',NULL,5,'1973-06-11 00:00:00'),(88,'Quam aperiam enim nulla non in accusantium ex.','Animi itaque nulla quia iste voluptas omnis saepe. Nihil laudantium consequatur nesciunt sint blanditiis. Nostrum molestias beatae dolore vero et. Nobis sit nihil debitis nobis.',NULL,75,'1993-12-27 00:00:00'),(89,'Possimus tenetur est voluptas neque.','Facere mollitia aperiam dignissimos quod voluptatem. Quibusdam veniam quae perspiciatis beatae laborum expedita. Adipisci sint provident asperiores culpa laudantium facere fugit. Est sed excepturi et rem ratione et.',NULL,58,'1972-01-17 00:00:00'),(90,'Est et aut non nihil quia assumenda.','Rerum assumenda quis recusandae corporis qui in eligendi. Non occaecati vel quis ut. Vel at est sed magni. Itaque velit et officiis hic.',44,NULL,'1993-05-05 00:00:00'),(91,'Voluptas sed ducimus ut qui ut ipsa cum non.','Eos corrupti reiciendis hic ea. Saepe sit qui perferendis dolores nulla nesciunt. Sint quo autem commodi earum est. Sed voluptatibus expedita et.',4,NULL,'2008-03-08 00:00:00'),(92,'Qui ut et aut consequatur a.','A praesentium provident sed facere aut iure. Et distinctio consequatur facilis facere. Ratione neque quasi repudiandae aut voluptas voluptates voluptas.',89,NULL,'2009-11-10 00:00:00'),(93,'Ea nemo recusandae laudantium magni placeat omnis.','Libero iure voluptas nostrum eligendi sint eos velit totam. Ab explicabo minima molestiae non consequatur quibusdam. Non corporis nisi ipsum quis aut consequatur consequatur. Repudiandae aspernatur eos dolores accusamus est laudantium quidem.',30,NULL,'1995-05-06 00:00:00'),(94,'Iure illum beatae commodi doloremque nesciunt quas','Error dolores aspernatur et excepturi in voluptatum provident. Itaque quaerat officiis et numquam. Et architecto tenetur mollitia at consequuntur.',82,NULL,'1998-04-12 00:00:00'),(95,'Harum voluptates a aut velit.','Ullam iste cupiditate aliquid voluptate ut. Nihil aspernatur sint facere possimus. Adipisci rerum cumque tempore quis quam autem eius reiciendis. Quia asperiores unde vero et.',21,NULL,'2003-10-04 00:00:00'),(96,'Sapiente at voluptatem et odit.','Nesciunt autem voluptas pariatur est culpa neque temporibus. Deleniti totam ea enim non adipisci fugiat aperiam. Nam omnis laudantium ratione sapiente.',60,NULL,'1995-01-07 00:00:00'),(97,'Quis et corporis delectus quia.','Amet laudantium accusamus est non itaque dolores sint. Et debitis consequuntur esse maiores odio. Voluptatem eum voluptate et quae doloribus suscipit. Commodi dolore sequi facere eum.',35,NULL,'1980-12-10 00:00:00'),(98,'Dolores sequi quia est aut.','Soluta consequatur cumque qui repellat temporibus laudantium. Maiores molestiae odit reiciendis rerum quasi nemo deserunt. Ut facilis eum asperiores ducimus neque.',95,NULL,'1980-03-27 00:00:00'),(99,'Aut fugiat cupiditate blanditiis voluptatem.','Illum qui porro doloremque. Blanditiis non tempora quas hic quibusdam quia assumenda. Soluta ratione voluptatum delectus harum.',68,NULL,'1973-10-01 00:00:00'),(100,'Eveniet sunt labore culpa laborum aperiam dolor.','Doloremque voluptatem nihil voluptatum. Deleniti autem rerum esse et. In facere voluptatem dolor repellendus atque. Earum rerum vero qui ratione.',56,NULL,'1998-04-25 00:00:00');
/*!40000 ALTER TABLE `news` ENABLE KEYS */;
UNLOCK TABLES;
/*!50003 SET @saved_cs_client      = @@character_set_client */ ;
/*!50003 SET @saved_cs_results     = @@character_set_results */ ;
/*!50003 SET @saved_col_connection = @@collation_connection */ ;
/*!50003 SET character_set_client  = utf8mb4 */ ;
/*!50003 SET character_set_results = utf8mb4 */ ;
/*!50003 SET collation_connection  = utf8mb4_0900_ai_ci */ ;
/*!50003 SET @saved_sql_mode       = @@sql_mode */ ;
/*!50003 SET sql_mode              = 'ONLY_FULL_GROUP_BY,STRICT_TRANS_TABLES,NO_ZERO_IN_DATE,NO_ZERO_DATE,ERROR_FOR_DIVISION_BY_ZERO,NO_ENGINE_SUBSTITUTION' */ ;
DELIMITER ;;
/*!50003 CREATE*/ /*!50017 DEFINER=`root`@`localhost`*/ /*!50003 TRIGGER `insert_null_news` BEFORE INSERT ON `news` FOR EACH ROW BEGIN
    IF (NEW.film_id IS NULL AND NEW.serials_id IS NULL)
    	OR (NEW.film_id IS NOT NULL AND NEW.serials_id IS NOT NULL)
    THEN
        SIGNAL SQLSTATE '45000' SET MESSAGE_TEXT = '     NULL';
    END IF;
END */;;
DELIMITER ;
/*!50003 SET sql_mode              = @saved_sql_mode */ ;
/*!50003 SET character_set_client  = @saved_cs_client */ ;
/*!50003 SET character_set_results = @saved_cs_results */ ;
/*!50003 SET collation_connection  = @saved_col_connection */ ;
/*!50003 SET @saved_cs_client      = @@character_set_client */ ;
/*!50003 SET @saved_cs_results     = @@character_set_results */ ;
/*!50003 SET @saved_col_connection = @@collation_connection */ ;
/*!50003 SET character_set_client  = utf8mb4 */ ;
/*!50003 SET character_set_results = utf8mb4 */ ;
/*!50003 SET collation_connection  = utf8mb4_0900_ai_ci */ ;
/*!50003 SET @saved_sql_mode       = @@sql_mode */ ;
/*!50003 SET sql_mode              = 'ONLY_FULL_GROUP_BY,STRICT_TRANS_TABLES,NO_ZERO_IN_DATE,NO_ZERO_DATE,ERROR_FOR_DIVISION_BY_ZERO,NO_ENGINE_SUBSTITUTION' */ ;
DELIMITER ;;
/*!50003 CREATE*/ /*!50017 DEFINER=`root`@`localhost`*/ /*!50003 TRIGGER `update_null_news` BEFORE UPDATE ON `news` FOR EACH ROW BEGIN
    IF (NEW.film_id IS NULL AND NEW.serials_id IS NULL)
    	OR (NEW.film_id IS NOT NULL AND NEW.serials_id IS NOT NULL)
        OR (OLD.film_id IS NULL AND NEW.serials_id IS NULL)
        OR (OLD.film_id IS NOT NULL AND NEW.serials_id IS NOT NULL)       
        OR (OLD.serials_id IS NULL AND NEW.film_id IS NULL)
        OR (OLD.serials_id IS NOT NULL AND NEW.film_id IS NOT NULL)        
    THEN
        SIGNAL SQLSTATE '45000' SET MESSAGE_TEXT = '     NULL';
    END IF;
END */;;
DELIMITER ;
/*!50003 SET sql_mode              = @saved_sql_mode */ ;
/*!50003 SET character_set_client  = @saved_cs_client */ ;
/*!50003 SET character_set_results = @saved_cs_results */ ;
/*!50003 SET collation_connection  = @saved_col_connection */ ;

--
-- Table structure for table `profiles`
--

DROP TABLE IF EXISTS `profiles`;
/*!40101 SET @saved_cs_client     = @@character_set_client */;
/*!50503 SET character_set_client = utf8mb4 */;
CREATE TABLE `profiles` (
  `user_id` int unsigned NOT NULL COMMENT '  ',
  `photo_id` int DEFAULT NULL,
  `sex` enum('M','F') COLLATE utf8mb4_unicode_ci DEFAULT NULL,
  `birthday` date DEFAULT NULL COMMENT ' ',
  `city_id` int unsigned DEFAULT NULL COMMENT '   ',
  `country_id` int unsigned DEFAULT NULL COMMENT '   ',
  `films_watched` int unsigned DEFAULT NULL COMMENT 'film',
  `serials_watched` int unsigned DEFAULT NULL COMMENT 'serial',
  `created_at` datetime DEFAULT CURRENT_TIMESTAMP COMMENT '  ',
  PRIMARY KEY (`user_id`),
  UNIQUE KEY `photo_id` (`photo_id`),
  KEY `profiles_city_id_fk` (`city_id`),
  KEY `profiles_country_id_fk` (`country_id`),
  KEY `profiles_birthday_sex_idx` (`birthday`,`sex`),
  KEY `profiles_films_id_fk` (`films_watched`),
  KEY `profiles_serials_id_fk` (`serials_watched`),
  CONSTRAINT `profiles_city_id_fk` FOREIGN KEY (`city_id`) REFERENCES `cities` (`id`) ON DELETE SET NULL,
  CONSTRAINT `profiles_country_id_fk` FOREIGN KEY (`country_id`) REFERENCES `countries` (`id`) ON DELETE SET NULL,
  CONSTRAINT `profiles_films_id_fk` FOREIGN KEY (`films_watched`) REFERENCES `watched_films` (`id`) ON DELETE SET NULL,
  CONSTRAINT `profiles_serials_id_fk` FOREIGN KEY (`serials_watched`) REFERENCES `watched_serials` (`id`) ON DELETE SET NULL,
  CONSTRAINT `profiles_user_id_fk` FOREIGN KEY (`user_id`) REFERENCES `users` (`id`) ON DELETE CASCADE
) ENGINE=InnoDB DEFAULT CHARSET=utf8mb4 COLLATE=utf8mb4_unicode_ci COMMENT='';
/*!40101 SET character_set_client = @saved_cs_client */;

--
-- Dumping data for table `profiles`
--

LOCK TABLES `profiles` WRITE;
/*!40000 ALTER TABLE `profiles` DISABLE KEYS */;
INSERT INTO `profiles` VALUES (1,NULL,'F','1967-01-14',57,27,57,5,'2018-11-09 00:52:16'),(2,NULL,'F','1943-07-02',100,23,59,44,'2014-10-16 04:33:43'),(3,29,'F','1946-07-20',97,46,94,38,'2019-04-24 17:15:48'),(4,215,'F','1965-08-23',26,82,39,80,'2019-01-20 22:37:30'),(5,986,'M','1981-04-27',8,78,44,50,'2020-10-29 06:06:58'),(6,283,'M','1965-03-10',6,10,14,78,'2020-01-03 10:09:21'),(7,460,'M','1927-05-22',88,76,88,24,'2017-12-24 09:45:46'),(8,448,'F','1951-07-14',94,88,96,51,'2020-10-01 17:11:37'),(9,861,'M','1944-04-04',15,53,55,14,'2015-01-25 20:19:55'),(10,999,'M','1969-02-25',75,14,57,72,'2019-02-15 22:06:09'),(11,225,'M','1993-10-03',60,51,9,86,'2021-04-20 02:13:46'),(12,237,'M','1997-07-02',33,48,65,40,'2013-11-06 12:02:35'),(13,509,'M','1953-04-03',25,8,89,30,'2012-09-26 03:45:39'),(14,836,'M','1943-02-04',18,2,7,5,'2013-02-23 06:27:52'),(15,NULL,'M','1986-12-20',78,95,29,72,'2013-03-16 01:18:36'),(16,740,'M','1945-08-28',82,24,22,97,'2016-06-20 02:43:21'),(17,792,'F','2011-04-28',76,77,10,51,'2019-10-10 09:19:05'),(18,710,'M','1921-10-21',91,67,22,50,'2019-03-04 00:45:27'),(19,NULL,'M','2013-05-18',17,30,36,49,'2016-03-22 12:44:30'),(20,743,'F','1940-05-23',77,100,88,2,'2018-04-22 13:53:26'),(21,NULL,'F','1954-11-12',8,77,31,25,'2014-11-10 15:33:11'),(22,720,'M','2015-01-05',78,38,30,56,'2014-02-03 03:34:02'),(23,31,'M','1954-11-27',32,58,28,14,'2017-10-06 23:45:31'),(24,993,'F','1969-10-05',81,49,11,57,'2014-10-29 06:07:46'),(25,873,'F','1965-03-26',26,20,7,17,'2012-03-16 06:17:40'),(26,NULL,'M','1961-01-25',86,28,67,3,'2015-09-03 21:42:25'),(27,NULL,'M','1971-04-21',58,2,51,35,'2015-03-07 11:23:07'),(28,NULL,'M','1991-07-19',1,39,36,9,'2020-06-11 16:52:10'),(29,26,'F','1981-07-01',15,67,34,93,'2019-11-27 11:32:19'),(30,955,'M','1976-03-28',4,63,48,36,'2017-03-21 22:24:10'),(31,NULL,'F','2010-09-25',20,76,50,1,'2016-07-09 03:59:13'),(32,NULL,'F','1987-12-24',25,60,57,50,'2016-08-04 15:46:21'),(33,22,'F','1955-12-20',80,63,67,66,'2019-02-08 20:35:52'),(34,239,'M','1937-12-23',91,33,68,48,'2020-04-05 15:09:22'),(35,NULL,'M','1925-05-15',34,18,83,35,'2019-07-30 18:35:00'),(36,934,'F','2008-04-17',56,18,43,71,'2020-11-06 18:26:49'),(37,280,'M','1937-12-15',84,77,63,88,'2014-03-17 05:57:25'),(38,594,'F','1956-02-01',39,11,24,59,'2011-08-01 15:16:32'),(39,NULL,'M','1985-04-19',86,74,59,10,'2014-01-23 07:09:29'),(40,876,'M','1982-08-25',33,16,60,13,'2016-04-07 15:41:45'),(41,982,'M','2001-06-02',79,26,78,69,'2021-03-08 16:43:00'),(42,290,'M','1977-03-09',58,45,17,92,'2016-10-17 12:08:08'),(43,470,'M','2001-06-08',63,99,26,19,'2016-12-04 20:52:20'),(44,498,'F','1946-11-15',17,69,89,100,'2013-02-02 17:05:46'),(45,81,'M','1933-05-08',46,51,88,84,'2013-08-23 20:19:04'),(46,909,'M','1957-11-02',62,12,43,48,'2014-02-07 05:28:45'),(47,NULL,'M','1935-05-01',85,2,58,18,'2011-06-28 16:27:33'),(48,793,'M','1965-09-27',17,18,30,95,'2013-08-24 08:33:29'),(49,50,'F','1956-04-23',43,8,63,1,'2015-11-29 13:55:28'),(50,888,'F','2011-10-08',52,80,93,15,'2014-11-12 11:35:41'),(51,213,'F','1924-04-04',78,18,33,94,'2012-09-05 05:20:42'),(52,446,'M','1995-12-08',87,21,94,32,'2017-09-02 17:37:01'),(53,591,'M','1926-02-02',72,82,16,34,'2015-05-13 13:47:48'),(54,NULL,'F','1931-01-31',93,58,81,77,'2019-07-14 23:24:56'),(55,NULL,'M','1960-05-03',59,38,94,76,'2018-10-05 14:27:39'),(56,NULL,'F','1935-10-12',55,24,70,98,'2016-10-02 13:57:40'),(57,440,'F','2021-04-14',31,33,99,83,'2013-11-21 12:56:41'),(58,NULL,'M','2015-10-04',12,91,97,89,'2020-10-28 04:21:43'),(59,NULL,'M','1973-06-29',9,30,83,96,'2020-10-01 20:20:42'),(60,582,'F','1958-11-24',50,76,27,22,'2016-07-11 10:38:03'),(61,17,'M','1975-02-14',57,43,55,50,'2011-08-28 21:53:14'),(62,NULL,'M','1954-12-27',1,36,26,59,'2017-06-11 13:02:23'),(63,NULL,'F','1989-10-09',73,20,34,28,'2020-06-14 13:24:11'),(64,219,'F','1967-08-06',44,4,25,75,'2011-12-30 17:02:25'),(65,NULL,'M','1951-04-10',36,23,57,47,'2017-03-31 03:21:08'),(66,91,'M','1923-10-31',14,54,36,22,'2020-05-19 22:58:00'),(67,4,'M','1928-09-28',83,18,18,33,'2012-06-29 22:19:23'),(68,749,'M','2007-09-08',94,45,55,51,'2012-09-19 14:57:57'),(69,731,'M','1991-09-28',87,10,1,87,'2014-09-13 03:03:05'),(70,406,'F','1973-06-14',45,26,46,18,'2015-02-02 16:04:59'),(71,838,'M','1932-11-23',46,80,45,89,'2017-09-11 17:56:35'),(72,971,'F','2001-09-14',83,70,63,18,'2013-06-03 20:49:40'),(73,NULL,'M','2016-12-11',93,20,65,6,'2014-10-21 23:05:50'),(74,799,'M','1954-06-30',74,100,28,57,'2016-02-28 22:16:43'),(75,965,'M','1931-05-29',18,45,89,12,'2014-02-07 09:23:53'),(76,428,'M','1957-04-18',89,44,63,76,'2020-06-28 02:01:02'),(77,243,'M','1992-03-01',53,63,62,98,'2016-02-17 16:40:44'),(78,932,'F','1982-04-26',89,7,15,34,'2020-03-01 00:15:29'),(79,931,'F','1994-04-20',87,59,23,69,'2018-03-21 03:11:41'),(80,856,'M','1967-12-11',28,86,86,20,'2017-08-01 07:31:15'),(81,489,'F','1965-11-23',6,51,26,79,'2016-10-20 23:04:40'),(82,875,'F','1970-10-17',51,53,36,68,'2017-05-17 15:50:23'),(83,907,'M','1982-10-30',98,24,80,87,'2020-11-06 19:16:50'),(84,910,'F','1958-05-08',68,43,62,20,'2021-01-16 20:40:33'),(85,830,'M','1965-06-26',5,23,17,94,'2014-10-28 01:37:19'),(86,418,'M','1932-08-05',30,32,27,16,'2021-03-24 07:19:33'),(87,NULL,'F','1967-05-08',90,50,85,18,'2012-07-19 04:54:42'),(88,777,'F','1940-11-23',36,71,37,42,'2017-10-14 07:52:02'),(89,942,'F','1986-03-25',21,63,20,71,'2019-04-14 04:11:18'),(90,463,'F','2008-11-28',15,55,39,13,'2012-03-31 12:32:40'),(91,490,'F','2011-07-14',79,19,99,47,'2017-05-25 13:11:03'),(92,60,'F','1980-12-02',61,60,67,66,'2016-08-02 01:12:17'),(93,828,'M','1933-09-14',83,83,59,12,'2011-11-07 06:15:32'),(94,962,'F','2014-10-08',14,86,28,4,'2012-12-05 06:55:27'),(95,NULL,'F','1935-05-18',35,13,21,71,'2020-05-25 10:57:34'),(96,738,'M','1940-05-20',83,58,12,3,'2011-08-29 11:43:05'),(97,715,'M','2010-10-18',20,32,74,35,'2014-12-06 00:41:40'),(98,NULL,'M','2007-10-11',87,13,47,66,'2013-12-10 03:53:43'),(99,NULL,'M','1930-09-18',31,45,12,91,'2015-01-22 10:16:36'),(100,206,'M','1969-02-09',4,78,56,86,'2015-04-23 23:29:25');
/*!40000 ALTER TABLE `profiles` ENABLE KEYS */;
UNLOCK TABLES;

--
-- Table structure for table `rated`
--

DROP TABLE IF EXISTS `rated`;
/*!40101 SET @saved_cs_client     = @@character_set_client */;
/*!50503 SET character_set_client = utf8mb4 */;
CREATE TABLE `rated` (
  `id` bigint unsigned NOT NULL AUTO_INCREMENT,
  `film_id` int unsigned DEFAULT NULL,
  `serial_id` int unsigned DEFAULT NULL,
  `user_id` int unsigned DEFAULT NULL,
  `rating` int DEFAULT NULL,
  `created_at` datetime DEFAULT CURRENT_TIMESTAMP,
  PRIMARY KEY (`id`),
  KEY `rated_user_id_fk` (`user_id`),
  KEY `rated_film_id_fk` (`film_id`),
  KEY `rated_serials_id_fk` (`serial_id`),
  CONSTRAINT `rated_film_id_fk` FOREIGN KEY (`film_id`) REFERENCES `films` (`id`),
  CONSTRAINT `rated_serials_id_fk` FOREIGN KEY (`serial_id`) REFERENCES `serials` (`id`),
  CONSTRAINT `rated_user_id_fk` FOREIGN KEY (`user_id`) REFERENCES `users` (`id`) ON DELETE CASCADE
) ENGINE=InnoDB AUTO_INCREMENT=101 DEFAULT CHARSET=utf8mb4 COLLATE=utf8mb4_unicode_ci;
/*!40101 SET character_set_client = @saved_cs_client */;

--
-- Dumping data for table `rated`
--

LOCK TABLES `rated` WRITE;
/*!40000 ALTER TABLE `rated` DISABLE KEYS */;
INSERT INTO `rated` VALUES (1,NULL,96,15,845,'2012-01-10 12:55:22'),(2,NULL,42,69,203,'2021-05-21 15:29:07'),(3,NULL,16,92,92,'2020-12-03 05:15:38'),(4,NULL,36,59,859,'2018-02-21 09:58:59'),(5,NULL,14,7,919,'2016-08-26 20:58:33'),(6,NULL,21,86,657,'2017-10-06 19:04:36'),(7,NULL,62,93,772,'2013-03-30 02:47:39'),(8,NULL,12,34,320,'2017-03-20 07:59:46'),(9,NULL,100,22,87,'2017-03-05 12:37:04'),(10,NULL,66,93,666,'2011-08-31 06:56:22'),(11,NULL,75,9,206,'2013-06-23 18:16:40'),(12,NULL,20,67,761,'2013-08-22 11:42:14'),(13,NULL,75,30,232,'2016-11-27 07:23:55'),(14,NULL,74,82,852,'2012-02-20 10:11:31'),(15,NULL,58,41,299,'2017-12-20 09:12:23'),(16,NULL,48,58,419,'2020-01-18 13:06:24'),(17,NULL,64,4,277,'2021-05-10 09:22:54'),(18,NULL,55,92,924,'2020-02-29 01:19:01'),(19,NULL,61,41,212,'2021-05-19 04:44:10'),(20,NULL,56,27,680,'2019-02-02 20:33:00'),(21,NULL,89,70,795,'2020-06-06 06:32:12'),(22,NULL,10,79,655,'2020-05-14 11:49:35'),(23,NULL,58,15,3,'2021-05-10 18:05:31'),(24,NULL,89,68,713,'2018-05-11 06:47:51'),(25,NULL,62,42,227,'2020-05-02 02:30:40'),(26,NULL,79,27,964,'2017-02-03 03:31:15'),(27,NULL,21,97,205,'2018-02-07 21:45:00'),(28,NULL,4,81,913,'2016-08-09 16:45:34'),(29,NULL,99,50,538,'2011-09-07 03:11:13'),(30,NULL,34,10,479,'2018-02-25 12:01:40'),(31,NULL,11,19,608,'2018-03-15 14:34:39'),(32,NULL,63,68,480,'2020-03-13 20:36:16'),(33,NULL,47,17,453,'2018-06-16 20:39:47'),(34,NULL,45,96,451,'2020-09-14 07:49:22'),(35,NULL,53,51,939,'2014-03-09 05:20:43'),(36,NULL,9,91,254,'2017-11-01 15:13:44'),(37,NULL,2,41,973,'2018-04-30 04:07:04'),(38,NULL,36,83,39,'2019-11-12 09:03:56'),(39,NULL,51,37,314,'2012-06-02 09:36:03'),(40,NULL,39,53,454,'2017-04-18 16:39:33'),(41,NULL,18,76,264,'2020-08-07 04:25:35'),(42,NULL,42,97,588,'2016-10-16 13:29:47'),(43,NULL,39,85,79,'2018-04-06 01:16:19'),(44,NULL,1,47,308,'2011-08-20 17:02:21'),(45,NULL,84,73,108,'2019-09-05 01:23:36'),(46,NULL,53,53,46,'2013-01-26 11:53:44'),(47,NULL,13,68,10,'2016-02-02 06:31:48'),(48,NULL,4,15,635,'2017-02-10 06:46:17'),(49,NULL,71,39,781,'2012-11-05 07:31:12'),(50,5,NULL,94,334,'2017-06-09 19:17:47'),(51,88,NULL,25,95,'2012-08-07 21:33:31'),(52,75,NULL,94,361,'2019-03-23 01:32:14'),(53,1,NULL,81,121,'2012-09-23 12:54:12'),(54,20,NULL,38,125,'2021-02-09 04:18:17'),(55,49,NULL,79,786,'2019-08-23 13:54:32'),(56,58,NULL,78,375,'2018-01-01 19:30:07'),(57,56,NULL,53,714,'2012-02-10 22:05:28'),(58,100,NULL,18,364,'2015-12-02 20:02:18'),(59,31,NULL,22,802,'2019-11-11 14:22:41'),(60,37,NULL,97,587,'2016-10-26 08:39:27'),(61,4,NULL,9,112,'2013-07-30 15:34:14'),(62,30,NULL,81,603,'2011-08-02 05:14:27'),(63,61,NULL,26,652,'2020-03-19 08:03:48'),(64,49,NULL,82,718,'2012-12-24 01:23:42'),(65,15,NULL,44,443,'2019-11-25 15:14:44'),(66,92,NULL,51,794,'2019-12-24 17:55:07'),(67,44,NULL,77,395,'2020-01-30 20:07:34'),(68,67,NULL,66,871,'2012-04-04 15:22:29'),(69,41,NULL,78,697,'2016-10-21 14:49:24'),(70,16,NULL,91,507,'2012-01-16 14:17:14'),(71,82,NULL,40,273,'2012-03-26 09:17:00'),(72,18,NULL,75,570,'2019-12-22 07:27:00'),(73,61,NULL,86,260,'2016-03-27 13:32:15'),(74,74,NULL,30,754,'2021-02-16 07:17:21'),(75,90,NULL,47,617,'2013-08-31 13:13:30'),(76,70,NULL,8,475,'2016-09-20 19:28:20'),(77,15,NULL,13,693,'2017-03-25 10:58:21'),(78,9,NULL,46,236,'2021-01-20 20:47:24'),(79,83,NULL,57,618,'2015-08-18 12:34:00'),(80,39,NULL,17,625,'2014-06-07 10:10:38'),(81,64,NULL,63,206,'2018-12-08 22:59:48'),(82,16,NULL,29,974,'2020-04-18 08:05:25'),(83,2,NULL,74,203,'2012-07-01 07:52:32'),(84,81,NULL,79,585,'2012-05-05 00:51:17'),(85,58,NULL,88,19,'2012-07-18 01:44:26'),(86,47,NULL,95,909,'2013-12-16 05:18:19'),(87,72,NULL,19,306,'2015-07-13 10:40:23'),(88,99,NULL,4,172,'2019-02-18 00:22:32'),(89,77,NULL,22,155,'2014-01-24 18:02:38'),(90,14,NULL,75,42,'2012-10-02 06:18:48'),(91,97,NULL,56,690,'2014-05-16 05:17:46'),(92,80,NULL,15,990,'2013-09-29 02:00:52'),(93,53,NULL,68,421,'2018-06-15 18:14:54'),(94,9,NULL,51,65,'2020-10-29 12:46:47'),(95,82,NULL,94,62,'2020-08-27 08:14:25'),(96,50,NULL,99,36,'2018-02-12 20:55:35'),(97,23,NULL,49,308,'2012-03-04 21:44:03'),(98,10,NULL,47,668,'2021-01-22 21:40:57'),(99,95,NULL,86,73,'2015-10-18 00:24:06'),(100,79,NULL,18,756,'2016-08-29 05:18:17');
/*!40000 ALTER TABLE `rated` ENABLE KEYS */;
UNLOCK TABLES;
/*!50003 SET @saved_cs_client      = @@character_set_client */ ;
/*!50003 SET @saved_cs_results     = @@character_set_results */ ;
/*!50003 SET @saved_col_connection = @@collation_connection */ ;
/*!50003 SET character_set_client  = utf8mb4 */ ;
/*!50003 SET character_set_results = utf8mb4 */ ;
/*!50003 SET collation_connection  = utf8mb4_0900_ai_ci */ ;
/*!50003 SET @saved_sql_mode       = @@sql_mode */ ;
/*!50003 SET sql_mode              = 'ONLY_FULL_GROUP_BY,STRICT_TRANS_TABLES,NO_ZERO_IN_DATE,NO_ZERO_DATE,ERROR_FOR_DIVISION_BY_ZERO,NO_ENGINE_SUBSTITUTION' */ ;
DELIMITER ;;
/*!50003 CREATE*/ /*!50017 DEFINER=`root`@`localhost`*/ /*!50003 TRIGGER `insert_null_rated` BEFORE INSERT ON `rated` FOR EACH ROW BEGIN
    IF (NEW.film_id IS NULL AND NEW.serials_id IS NULL)
    	OR (NEW.film_id IS NOT NULL AND NEW.serials_id IS NOT NULL)
    THEN
        SIGNAL SQLSTATE '45000' SET MESSAGE_TEXT = '     NULL';
    END IF;
END */;;
DELIMITER ;
/*!50003 SET sql_mode              = @saved_sql_mode */ ;
/*!50003 SET character_set_client  = @saved_cs_client */ ;
/*!50003 SET character_set_results = @saved_cs_results */ ;
/*!50003 SET collation_connection  = @saved_col_connection */ ;
/*!50003 SET @saved_cs_client      = @@character_set_client */ ;
/*!50003 SET @saved_cs_results     = @@character_set_results */ ;
/*!50003 SET @saved_col_connection = @@collation_connection */ ;
/*!50003 SET character_set_client  = utf8mb4 */ ;
/*!50003 SET character_set_results = utf8mb4 */ ;
/*!50003 SET collation_connection  = utf8mb4_0900_ai_ci */ ;
/*!50003 SET @saved_sql_mode       = @@sql_mode */ ;
/*!50003 SET sql_mode              = 'ONLY_FULL_GROUP_BY,STRICT_TRANS_TABLES,NO_ZERO_IN_DATE,NO_ZERO_DATE,ERROR_FOR_DIVISION_BY_ZERO,NO_ENGINE_SUBSTITUTION' */ ;
DELIMITER ;;
/*!50003 CREATE*/ /*!50017 DEFINER=`root`@`localhost`*/ /*!50003 TRIGGER `update_null_rated` BEFORE UPDATE ON `rated` FOR EACH ROW BEGIN
    IF (NEW.film_id IS NULL AND NEW.serials_id IS NULL)
    	OR (NEW.film_id IS NOT NULL AND NEW.serials_id IS NOT NULL)
        OR (OLD.film_id IS NULL AND NEW.serials_id IS NULL)
        OR (OLD.film_id IS NOT NULL AND NEW.serials_id IS NOT NULL)       
        OR (OLD.serials_id IS NULL AND NEW.film_id IS NULL)
        OR (OLD.serials_id IS NOT NULL AND NEW.film_id IS NOT NULL)        
    THEN
        SIGNAL SQLSTATE '45000' SET MESSAGE_TEXT = '     NULL';
    END IF;
END */;;
DELIMITER ;
/*!50003 SET sql_mode              = @saved_sql_mode */ ;
/*!50003 SET character_set_client  = @saved_cs_client */ ;
/*!50003 SET character_set_results = @saved_cs_results */ ;
/*!50003 SET collation_connection  = @saved_col_connection */ ;

--
-- Table structure for table `reviews`
--

DROP TABLE IF EXISTS `reviews`;
/*!40101 SET @saved_cs_client     = @@character_set_client */;
/*!50503 SET character_set_client = utf8mb4 */;
CREATE TABLE `reviews` (
  `id` bigint unsigned NOT NULL AUTO_INCREMENT,
  `user_id` int unsigned DEFAULT NULL,
  `film_id` int unsigned DEFAULT NULL,
  `serial_id` int unsigned DEFAULT NULL,
  `body` text CHARACTER SET utf8mb4 COLLATE utf8mb4_unicode_ci,
  `created_at` datetime DEFAULT CURRENT_TIMESTAMP,
  PRIMARY KEY (`id`),
  KEY `reviews_user_id_fk` (`user_id`),
  KEY `reviews_films_id_fk` (`film_id`),
  KEY `reviews_serials_id_fk` (`serial_id`),
  CONSTRAINT `reviews_films_id_fk` FOREIGN KEY (`film_id`) REFERENCES `films` (`id`),
  CONSTRAINT `reviews_serials_id_fk` FOREIGN KEY (`serial_id`) REFERENCES `serials` (`id`),
  CONSTRAINT `reviews_user_id_fk` FOREIGN KEY (`user_id`) REFERENCES `users` (`id`) ON DELETE CASCADE
) ENGINE=InnoDB AUTO_INCREMENT=101 DEFAULT CHARSET=utf8mb4 COLLATE=utf8mb4_unicode_ci;
/*!40101 SET character_set_client = @saved_cs_client */;

--
-- Dumping data for table `reviews`
--

LOCK TABLES `reviews` WRITE;
/*!40000 ALTER TABLE `reviews` DISABLE KEYS */;
INSERT INTO `reviews` VALUES (1,74,22,NULL,'I can\'t show it you myself,\' the Mock Turtle said: \'advance twice, set to partners--\' \'--change lobsters, and retire in same order,\' continued the Hatter, and, just as well. The twelve jurors were.','2016-12-20 05:04:13'),(2,40,37,NULL,'Alice had begun to repeat it, when a sharp hiss made her next remark. \'Then the Dormouse said--\' the Hatter began, in a very curious to see that she could not answer without a porpoise.\' \'Wouldn\'t.','2012-11-29 05:47:23'),(3,79,NULL,35,'Then it got down off the cake. * * * * * * * * * * * * * * * * * * * * * * * * * * * * * * * * * * * \'What a curious appearance in the morning, just time to avoid shrinking away altogether. \'That.','2017-10-31 16:58:46'),(4,74,58,NULL,'Alice looked up, and began talking to him,\' the Mock Turtle sang this, very slowly and sadly:-- \'\"Will you walk a little before she made her so savage when they arrived, with a little nervous about.','2011-11-04 15:45:05'),(5,32,44,NULL,'Oh, how I wish you wouldn\'t have come here.\' Alice didn\'t think that there was mouth enough for it flashed across her mind that she began thinking over all the jurymen are back in their mouths--and.','2017-10-11 00:55:09'),(6,36,15,NULL,'As for pulling me out of the party sat silent and looked at poor Alice, that she had never had fits, my dear, I think?\' \'I had NOT!\' cried the Mouse, who seemed to be talking in his confusion he bit.','2020-05-12 20:14:37'),(7,86,NULL,98,'YOU.--Come, I\'ll take no denial; We must have got in as well,\' the Hatter went on, spreading out the words: \'Where\'s the other side of WHAT?\' thought Alice to herself. \'I dare say you never had to.','2015-12-14 17:03:55'),(8,18,53,NULL,'March Hare. Alice was only the pepper that makes them bitter--and--and barley-sugar and such things that make children sweet-tempered. I only wish it was,\' said the Duck: \'it\'s generally a frog or a.','2013-09-17 22:39:04'),(9,35,96,NULL,'Alice again, for she was trying to find that her neck from being run over; and the reason so many different sizes in a great interest in questions of eating and drinking. \'They lived on treacle,\'.','2020-12-02 03:42:54'),(10,20,35,NULL,'Gryphon replied rather crossly: \'of course you don\'t!\' the Hatter said, tossing his head mournfully. \'Not I!\' he replied. \'We quarrelled last March--just before HE went mad, you know--\' She had just.','2015-05-31 00:09:49'),(11,96,NULL,95,'When the procession moved on, three of her head made her next remark. \'Then the Dormouse began in a loud, indignant voice, but she did it at last, and they sat down in a great many teeth, so she.','2016-02-29 02:31:29'),(12,17,48,NULL,'Rabbit\'s voice; and Alice could not stand, and she went on, \'What\'s your name, child?\' \'My name is Alice, so please your Majesty,\' he began, \'for bringing these in: but I can\'t see you?\' She was a.','2021-02-10 16:47:25'),(13,98,27,NULL,'YOU?\' Which brought them back again to the Queen, \'and he shall tell you my adventures--beginning from this morning,\' said Alice to herself, and shouted out, \'You\'d better not do that again!\' which.','2019-11-09 13:19:41'),(14,36,NULL,3,'Caterpillar. Alice thought she might as well as she could do, lying down with wonder at the March Hare. \'He denies it,\' said Alice. The King turned pale, and shut his note-book hastily. \'Consider.','2017-10-31 03:40:40'),(15,88,NULL,83,'If they had a large dish of tarts upon it: they looked so grave and anxious.) Alice could only see her. She is such a new pair of white kid gloves and the March Hare went on. \'I do,\' Alice hastily.','2020-12-13 07:31:24'),(16,32,NULL,42,'Christmas.\' And she began very cautiously: \'But I don\'t want to stay in here any longer!\' She waited for a rabbit! I suppose Dinah\'ll be sending me on messages next!\' And she began nibbling at the.','2021-05-15 08:27:28'),(17,93,95,NULL,'I\'ll set Dinah at you!\' There was exactly one a-piece all round. \'But she must have been ill.\' \'So they were,\' said the Knave, \'I didn\'t know that Cheshire cats always grinned; in fact, a sort of.','2012-01-01 09:48:06'),(18,69,NULL,28,'I will tell you my history, and you\'ll understand why it is almost certain to disagree with you, sooner or later. However, this bottle was NOT marked \'poison,\' it is right?\' \'In my youth,\' said his.','2012-06-15 17:04:08'),(19,64,NULL,90,'Alice, as she could, \'If you knew Time as well wait, as she could, for her neck from being run over; and the baby joined):-- \'Wow! wow! wow!\' While the Owl and the m--\' But here, to Alice\'s side as.','2011-11-10 22:33:57'),(20,13,23,NULL,'PRECIOUS nose\'; as an explanation. \'Oh, you\'re sure to happen,\' she said to herself. (Alice had no idea what Latitude was, or Longitude either, but thought they were trying which word sounded best..','2021-05-25 06:39:24'),(21,75,NULL,98,'Alice, very much to-night, I should think very likely to eat her up in such a noise inside, no one else seemed inclined to say \'Drink me,\' but the Mouse was swimming away from him, and said to the.','2015-06-10 07:38:48'),(22,35,86,NULL,'Duchess, \'and that\'s the jury-box,\' thought Alice, \'and those twelve creatures,\' (she was obliged to say it out into the Dormouse\'s place, and Alice was not easy to take MORE than nothing.\' \'Nobody.','2018-06-30 16:43:18'),(23,50,20,NULL,'No, I\'ve made up my mind about it; and while she remembered how small she was nine feet high. \'Whoever lives there,\' thought Alice, \'shall I NEVER get any older than you, and must know better\'; and.','2013-05-26 17:40:28'),(24,42,92,NULL,'In the very middle of one! There ought to be Number One,\' said Alice. \'That\'s the most confusing thing I know. Silence all round, if you drink much from a bottle marked \'poison,\' it is you hate--C.','2014-01-22 13:29:20'),(25,61,71,NULL,'Duchess\'s voice died away, even in the act of crawling away: besides all this, there was a good many little girls eat eggs quite as much as serpents do, you know.\' \'Not the same thing as \"I sleep.','2017-01-02 06:29:45'),(26,76,NULL,20,'Dormouse; \'VERY ill.\' Alice tried to speak, but for a minute, trying to explain the paper. \'If there\'s no room at all a pity. I said \"What for?\"\' \'She boxed the Queen\'s voice in the newspapers, at.','2020-07-07 15:52:28'),(27,100,51,NULL,'Gryphon answered, very nearly getting up and picking the daisies, when suddenly a White Rabbit blew three blasts on the spot.\' This did not quite sure whether it was certainly not becoming. \'And.','2017-09-05 02:41:04'),(28,68,NULL,8,'She had not the smallest notice of her or of anything to say, she simply bowed, and took the place of the bread-and-butter. Just at this corner--No, tie \'em together first--they don\'t reach half.','2015-07-20 17:06:28'),(29,43,NULL,8,'She was looking for them, but they were gardeners, or soldiers, or courtiers, or three times over to the Classics master, though. He was looking for it, she found that it ought to have him with.','2018-01-26 22:59:08'),(30,8,81,NULL,'But at any rate, the Dormouse again, so that they would go, and making quite a commotion in the pool rippling to the jury. \'Not yet, not yet!\' the Rabbit began. Alice gave a little shriek and a.','2017-02-18 15:56:48'),(31,13,NULL,8,'Dormouse! Turn that Dormouse out of breath, and till the puppy\'s bark sounded quite faint in the sea!\' cried the Mouse, who seemed to be a queer thing, to be two people! Why, there\'s hardly room for.','2016-12-01 09:52:56'),(32,37,92,NULL,'For, you see, because some of the court. (As that is rather a handsome pig, I think.\' And she went down on one of them bowed low. \'Would you like the right size for ten minutes together!\' \'Can\'t.','2017-03-24 07:07:28'),(33,48,100,NULL,'The door led right into it. \'That\'s very important,\' the King in a low, hurried tone. He looked at poor Alice, who felt very lonely and low-spirited. In a little faster?\" said a sleepy voice behind.','2019-01-03 00:54:15'),(34,30,NULL,54,'Mock Turtle repeated thoughtfully. \'I should like to hear her try and say \"How doth the little door was shut again, and said, \'It WAS a narrow escape!\' said Alice, as she went on: \'--that begins.','2013-04-06 15:02:20'),(35,3,67,NULL,'THEIR eyes bright and eager with many a strange tale, perhaps even with the Gryphon. \'Do you mean that you think you could draw treacle out of its voice. \'Back to land again, and looking anxiously.','2018-04-10 19:27:49'),(36,27,NULL,1,'Hatter, and, just as if she did not like to show you! A little bright-eyed terrier, you know, and he poured a little shriek, and went to work shaking him and punching him in the middle of her.','2021-01-15 10:55:22'),(37,24,13,NULL,'So she stood watching them, and he checked himself suddenly: the others took the regular course.\' \'What was that?\' inquired Alice. \'Reeling and Writhing, of course, to begin at HIS time of life. The.','2013-11-27 00:27:41'),(38,38,57,NULL,'No, I\'ve made up my mind about it; and while she ran, as well go back, and see what was the BEST butter,\' the March Hare. The Hatter looked at the thought that SOMEBODY ought to go nearer till she.','2017-02-07 04:21:32'),(39,18,73,NULL,'THE KING AND QUEEN OF HEARTS. Alice was so full of the garden, and marked, with one finger pressed upon its nose. The Dormouse slowly opened his eyes. He looked at the bottom of a good deal: this.','2017-12-05 07:47:29'),(40,75,65,NULL,'While the Panther received knife and fork with a cart-horse, and expecting every moment to be in Bill\'s place for a minute, nurse! But I\'ve got to the shore, and then I\'ll tell you more than Alice.','2019-10-10 07:22:50'),(41,23,NULL,56,'Duchess; \'and most things twinkled after that--only the March Hare went on. \'Would you like to be done, I wonder?\' As she said aloud. \'I shall be punished for it now, I suppose, by being drowned in.','2012-10-07 21:29:15'),(42,88,NULL,29,'I get\" is the capital of Rome, and Rome--no, THAT\'S all wrong, I\'m certain! I must have prizes.\' \'But who has won?\' This question the Dodo suddenly called out to sea. So they had any sense, they\'d.','2011-09-27 10:40:25'),(43,70,NULL,40,'Soup? Beau--ootiful Soo--oop! Beau--ootiful Soo--oop! Soo--oop of the same thing as a boon, Was kindly permitted to pocket the spoon: While the Panther received knife and fork with a sigh. \'I only.','2012-08-10 18:36:59'),(44,86,NULL,96,'I don\'t keep the same when I find a pleasure in all my life!\' Just as she had never done such a simple question,\' added the Gryphon; and then nodded. \'It\'s no use going back to the voice of the.','2019-09-11 03:37:17'),(45,18,11,NULL,'Alice was silent. The Dormouse shook itself, and was delighted to find any. And yet I wish I hadn\'t to bring tears into her eyes; and once she remembered having seen such a nice soft thing to eat or.','2019-09-13 12:14:51'),(46,34,90,NULL,'Then followed the Knave \'Turn them over!\' The Knave shook his head mournfully. \'Not I!\' he replied. \'We quarrelled last March--just before HE went mad, you know--\' \'But, it goes on \"THEY ALL.','2017-06-03 19:18:20'),(47,14,13,NULL,'I COULD NOT SWIM--\" you can\'t help it,\' said Alice to herself. \'I dare say there may be different,\' said Alice; \'that\'s not at all what had become of it; so, after hunting all about for them, and.','2017-07-19 09:37:26'),(48,67,38,NULL,'Dinah, and saying \"Come up again, dear!\" I shall have to go down the middle, being held up by two guinea-pigs, who were all ornamented with hearts. Next came the royal children, and make out who was.','2019-09-15 16:56:04'),(49,91,NULL,7,'Involved in this affair, He trusts to you how it was as much as she did not look at the bottom of a well?\' \'Take some more tea,\' the March Hare. Visit either you like: they\'re both mad.\' \'But I.','2011-10-10 00:58:22'),(50,55,NULL,99,'While the Panther were sharing a pie--\' [later editions continued as follows The Panther took pie-crust, and gravy, and meat, While the Duchess was VERY ugly; and secondly, because she was to twist.','2015-01-16 15:29:41'),(51,100,20,NULL,'Gryphon, half to Alice. \'Only a thimble,\' said Alice doubtfully: \'it means--to--make--anything--prettier.\' \'Well, then,\' the Gryphon replied rather impatiently: \'any shrimp could have told you.','2018-06-28 05:36:16'),(52,36,NULL,94,'Alice ventured to ask. \'Suppose we change the subject. \'Go on with the bones and the other players, and shouting \'Off with his nose, you know?\' \'It\'s the oldest rule in the other: the Duchess.','2020-09-01 01:59:57'),(53,80,85,NULL,'March Hare. \'Sixteenth,\' added the Queen. \'Never!\' said the King. The White Rabbit blew three blasts on the ground as she spoke. Alice did not get hold of its mouth open, gazing up into a large.','2020-08-01 18:48:45'),(54,91,49,NULL,'This sounded promising, certainly: Alice turned and came back again. \'Keep your temper,\' said the Caterpillar. \'Well, I\'ve tried to beat them off, and Alice was so much into the court, arm-in-arm.','2014-03-16 02:44:01'),(55,15,60,NULL,'But if I\'m Mabel, I\'ll stay down here! It\'ll be no use speaking to a farmer, you know, upon the other bit. Her chin was pressed hard against it, that attempt proved a failure. Alice heard the King.','2011-10-19 10:07:38'),(56,1,NULL,58,'The King\'s argument was, that anything that looked like the name: however, it only grinned when it saw Alice. It looked good-natured, she thought: still it was YOUR table,\' said Alice; \'but when you.','2020-03-03 18:47:07'),(57,60,13,NULL,'Alice replied thoughtfully. \'They have their tails fast in their mouths. So they went on at last, more calmly, though still sobbing a little shaking among the bright flower-beds and the March Hare,.','2015-12-29 11:08:38'),(58,98,6,NULL,'Mouse replied rather crossly: \'of course you know why it\'s called a whiting?\' \'I never was so large a house, that she ran across the garden, where Alice could not tell whether they were nice grand.','2020-07-07 15:40:31'),(59,8,4,NULL,'Dormouse went on, \'I must be on the back. However, it was an old Turtle--we used to it!\' pleaded poor Alice. \'But you\'re so easily offended, you know!\' The Mouse did not come the same thing,\' said.','2017-07-24 04:52:27'),(60,44,10,NULL,'YOU are, first.\' \'Why?\' said the Eaglet. \'I don\'t like them raw.\' \'Well, be off, then!\' said the Pigeon; \'but I haven\'t been invited yet.\' \'You\'ll see me there,\' said the White Rabbit. She was a.','2011-12-17 21:25:49'),(61,99,NULL,13,'I did: there\'s no use in crying like that!\' said Alice more boldly: \'you know you\'re growing too.\' \'Yes, but I don\'t take this child away with me,\' thought Alice, \'they\'re sure to happen,\' she said.','2020-03-31 02:09:32'),(62,59,22,NULL,'She hastily put down the chimney?--Nay, I shan\'t! YOU do it!--That I won\'t, then!--Bill\'s to go and get ready for your walk!\" \"Coming in a minute, trying to make ONE respectable person!\' Soon her.','2021-05-07 22:37:42'),(63,98,81,NULL,'Alice; \'it\'s laid for a great hurry to get in at the cook, and a sad tale!\' said the Duchess, as she couldn\'t answer either question, it didn\'t much matter which way you can;--but I must sugar my.','2021-03-14 15:09:40'),(64,14,NULL,70,'I shall have some fun now!\' thought Alice. \'Now we shall have to fly; and the sounds will take care of the March Hare and his buttons, and turns out his toes.\' [later editions continued as follows.','2017-04-20 11:41:06'),(65,74,56,NULL,'PLEASE mind what you\'re talking about,\' said Alice. \'Why, you don\'t even know what to do that,\' said the Duchess: you\'d better finish the story for yourself.\' \'No, please go on!\' Alice said to.','2015-03-22 00:34:44'),(66,26,NULL,4,'Alice. \'I\'m a--I\'m a--\' \'Well! WHAT are you?\' And then a great thistle, to keep back the wandering hair that curled all over with diamonds, and walked a little bottle on it, for she had felt quite.','2015-10-28 10:49:18'),(67,11,NULL,42,'Bill! catch hold of anything, but she saw them, they were all writing very busily on slates. \'What are tarts made of?\' \'Pepper, mostly,\' said the Gryphon: \'I went to school every day--\' \'I\'VE been.','2019-07-04 19:53:27'),(68,74,94,NULL,'King. \'Nothing whatever,\' said Alice. \'Why not?\' said the Pigeon; \'but I haven\'t been invited yet.\' \'You\'ll see me there,\' said the White Rabbit blew three blasts on the bank, and of having nothing.','2014-11-02 03:34:14'),(69,36,NULL,9,'Caterpillar. Alice thought this must be a queer thing, to be sure; but I think I can reach the key; and if I fell off the cake. * * * \'What a number of bathing machines in the other. In the very.','2020-03-25 15:54:16'),(70,60,NULL,52,'Queen of Hearts, who only bowed and smiled in reply. \'Please come back with the edge of her head down to the Gryphon. \'How the creatures argue. It\'s enough to get into the garden at once; but, alas.','2018-03-23 18:35:41'),(71,91,NULL,8,'Lobster Quadrille, that she did not quite know what to beautify is, I suppose?\' \'Yes,\' said Alice to herself, \'to be going messages for a minute or two, looking for it, he was going to give the.','2013-02-01 05:38:51'),(72,75,NULL,70,'Alice waited till the puppy\'s bark sounded quite faint in the pictures of him), while the Dodo said, \'EVERYBODY has won, and all her knowledge of history, Alice had been wandering, when a sharp hiss.','2018-06-06 09:52:51'),(73,100,95,NULL,'Exactly as we needn\'t try to find her in the sea. But they HAVE their tails in their mouths; and the words all coming different, and then at the thought that SOMEBODY ought to speak, but for a baby:.','2012-04-15 15:56:43'),(74,74,NULL,42,'Mock Turtle replied; \'and then the Rabbit\'s voice; and the blades of grass, but she was saying, and the moon, and memory, and muchness--you know you say \"What a pity!\"?\' the Rabbit came near her,.','2013-06-04 01:41:27'),(75,69,31,NULL,'Queen. \'I haven\'t the least idea what Latitude was, or Longitude either, but thought they were IN the well,\' Alice said with a pair of the busy farm-yard--while the lowing of the evening, beautiful.','2017-11-25 21:57:09'),(76,22,61,NULL,'Alice, and she walked off, leaving Alice alone with the Dormouse. \'Fourteenth of March, I think that will be much the same words as before, \'and things are worse than ever,\' thought the whole thing,.','2013-02-02 22:26:25'),(77,5,NULL,35,'She had just begun to dream that she knew she had been broken to pieces. \'Please, then,\' said Alice, who was gently brushing away some dead leaves that had fallen into the air. Even the Duchess was.','2019-01-27 04:23:17'),(78,58,53,NULL,'Alice had been broken to pieces. \'Please, then,\' said the Gryphon. \'We can do no more, whatever happens. What WILL become of me?\' Luckily for Alice, the little golden key, and unlocking the door of.','2017-11-26 15:04:07'),(79,73,37,NULL,'THE KING AND QUEEN OF HEARTS. Alice was very like a tunnel for some way of nursing it, (which was to find that the poor little thing was snorting like a telescope! I think you\'d take a fancy to.','2013-01-22 12:48:01'),(80,90,17,NULL,'Gryphon in an offended tone. And she began nibbling at the sides of it; then Alice dodged behind a great hurry. An enormous puppy was looking at the beginning,\' the King exclaimed, turning to Alice,.','2012-05-21 18:03:34'),(81,31,NULL,2,'I\'ll be jury,\" Said cunning old Fury: \"I\'ll try the thing at all. However, \'jury-men\' would have called him Tortoise because he taught us,\' said the White Rabbit interrupted: \'UNimportant, your.','2011-12-30 23:19:51'),(82,86,NULL,46,'Some of the moment he was obliged to have him with them,\' the Mock Turtle interrupted, \'if you only walk long enough.\' Alice felt dreadfully puzzled. The Hatter\'s remark seemed to follow, except a.','2017-09-14 08:55:03'),(83,35,NULL,53,'Mock Turtle. \'Certainly not!\' said Alice very politely; but she knew she had peeped into the air off all its feet at once, with a great letter, nearly as she did not like to drop the jar for fear of.','2016-05-26 01:00:20'),(84,19,NULL,84,'Alice. \'And be quick about it,\' added the Hatter, \'you wouldn\'t talk about her pet: \'Dinah\'s our cat. And she\'s such a long way. So they got settled down in a minute or two, and the fan, and.','2017-07-09 04:12:37'),(85,86,NULL,16,'English,\' thought Alice; \'only, as it\'s asleep, I suppose I ought to have finished,\' said the Mock Turtle; \'but it doesn\'t matter much,\' thought Alice, \'or perhaps they won\'t walk the way wherever.','2017-01-25 05:19:35'),(86,75,NULL,46,'Alice thought this a good character, But said I could shut up like a stalk out of the cupboards as she could, \'If you please, sir--\' The Rabbit Sends in a wondering tone. \'Why, what are they made.','2019-04-12 10:03:15'),(87,16,31,NULL,'As soon as it could go, and broke off a head unless there was no \'One, two, three, and away,\' but they were nice grand words to say.) Presently she began again. \'I should like it put more.','2011-07-03 22:36:26'),(88,54,99,NULL,'Rabbit came near her, she began, rather timidly, saying to her chin in salt water. Her first idea was that she was as long as it went. So she set the little door into that lovely garden. First,.','2014-03-02 18:28:20'),(89,24,2,NULL,'King\'s crown on a little recovered from the shock of being all alone here!\' As she said to herself \'This is Bill,\' she gave her one, they gave him two, You gave us three or more; They all returned.','2015-03-04 05:29:13'),(90,55,44,NULL,'Alice looked up, and began smoking again. This time there were any tears. No, there were no tears. \'If you\'re going to begin with,\' said the Footman. \'That\'s the most curious thing I ever saw one.','2015-01-27 06:45:41'),(91,3,8,NULL,'Alice began to get an opportunity of adding, \'You\'re looking for it, he was speaking, and this was her dream:-- First, she dreamed of little animals and birds waiting outside. The poor little thing.','2015-02-03 11:56:42'),(92,50,47,NULL,'And the Gryphon repeated impatiently: \'it begins \"I passed by his garden, and marked, with one eye, How the Owl had the door opened inwards, and Alice\'s first thought was that you couldn\'t cut off a.','2018-10-17 07:12:36'),(93,42,NULL,25,'Gryphon, and the constant heavy sobbing of the sea.\' \'I couldn\'t help it,\' she thought, and looked at the great question is, Who in the lap of her head made her look up in her French lesson-book..','2012-08-18 23:54:30'),(94,57,NULL,10,'Lobster Quadrille The Mock Turtle to the Mock Turtle. Alice was not here before,\' said Alice,) and round goes the clock in a piteous tone. And she began thinking over other children she knew that it.','2020-09-30 01:52:36'),(95,58,20,NULL,'The chief difficulty Alice found at first she would get up and repeat something now. Tell her to begin.\' He looked at it uneasily, shaking it every now and then; such as, \'Sure, I don\'t remember.','2019-04-13 01:50:46'),(96,19,NULL,6,'THE.','2015-01-28 08:16:04'),(97,23,NULL,99,'Hatter, and, just as the Lory positively refused to tell me your history, she do.\' \'I\'ll tell it her,\' said the Cat, \'if you don\'t like the three gardeners instantly threw themselves flat upon their.','2016-11-07 11:39:30'),(98,55,NULL,17,'Alice. \'But you\'re so easily offended!\' \'You\'ll get used to know. Let me think: was I the same thing as \"I eat what I could shut up like a wild beast, screamed \'Off with his knuckles. It was so.','2020-03-25 16:27:54'),(99,6,NULL,23,'Now, if you like!\' the Duchess was VERY ugly; and secondly, because she was dozing off, and that if something wasn\'t done about it in time,\' said the Hatter. He came in sight of the month is it?\'.','2016-02-17 11:02:00'),(100,63,48,NULL,'Seven flung down his cheeks, he went on muttering over the fire, stirring a large crowd collected round it: there was nothing so VERY remarkable in that; nor did Alice think it was,\' the March Hare.','2017-11-18 15:41:01');
/*!40000 ALTER TABLE `reviews` ENABLE KEYS */;
UNLOCK TABLES;
/*!50003 SET @saved_cs_client      = @@character_set_client */ ;
/*!50003 SET @saved_cs_results     = @@character_set_results */ ;
/*!50003 SET @saved_col_connection = @@collation_connection */ ;
/*!50003 SET character_set_client  = utf8mb4 */ ;
/*!50003 SET character_set_results = utf8mb4 */ ;
/*!50003 SET collation_connection  = utf8mb4_0900_ai_ci */ ;
/*!50003 SET @saved_sql_mode       = @@sql_mode */ ;
/*!50003 SET sql_mode              = 'ONLY_FULL_GROUP_BY,STRICT_TRANS_TABLES,NO_ZERO_IN_DATE,NO_ZERO_DATE,ERROR_FOR_DIVISION_BY_ZERO,NO_ENGINE_SUBSTITUTION' */ ;
DELIMITER ;;
/*!50003 CREATE*/ /*!50017 DEFINER=`root`@`localhost`*/ /*!50003 TRIGGER `insert_null_reviews` BEFORE INSERT ON `reviews` FOR EACH ROW BEGIN
    IF (NEW.film_id IS NULL AND NEW.serials_id IS NULL)
    	OR (NEW.film_id IS NOT NULL AND NEW.serials_id IS NOT NULL)
    THEN
        SIGNAL SQLSTATE '45000' SET MESSAGE_TEXT = '     NULL';
    END IF;
END */;;
DELIMITER ;
/*!50003 SET sql_mode              = @saved_sql_mode */ ;
/*!50003 SET character_set_client  = @saved_cs_client */ ;
/*!50003 SET character_set_results = @saved_cs_results */ ;
/*!50003 SET collation_connection  = @saved_col_connection */ ;
/*!50003 SET @saved_cs_client      = @@character_set_client */ ;
/*!50003 SET @saved_cs_results     = @@character_set_results */ ;
/*!50003 SET @saved_col_connection = @@collation_connection */ ;
/*!50003 SET character_set_client  = utf8mb4 */ ;
/*!50003 SET character_set_results = utf8mb4 */ ;
/*!50003 SET collation_connection  = utf8mb4_0900_ai_ci */ ;
/*!50003 SET @saved_sql_mode       = @@sql_mode */ ;
/*!50003 SET sql_mode              = 'ONLY_FULL_GROUP_BY,STRICT_TRANS_TABLES,NO_ZERO_IN_DATE,NO_ZERO_DATE,ERROR_FOR_DIVISION_BY_ZERO,NO_ENGINE_SUBSTITUTION' */ ;
DELIMITER ;;
/*!50003 CREATE*/ /*!50017 DEFINER=`root`@`localhost`*/ /*!50003 TRIGGER `update_null_reviews` BEFORE UPDATE ON `reviews` FOR EACH ROW BEGIN
    IF (NEW.film_id IS NULL AND NEW.serials_id IS NULL)
    	OR (NEW.film_id IS NOT NULL AND NEW.serials_id IS NOT NULL)
        OR (OLD.film_id IS NULL AND NEW.serials_id IS NULL)
        OR (OLD.film_id IS NOT NULL AND NEW.serials_id IS NOT NULL)       
        OR (OLD.serials_id IS NULL AND NEW.film_id IS NULL)
        OR (OLD.serials_id IS NOT NULL AND NEW.film_id IS NOT NULL)        
    THEN
        SIGNAL SQLSTATE '45000' SET MESSAGE_TEXT = '     NULL';
    END IF;
END */;;
DELIMITER ;
/*!50003 SET sql_mode              = @saved_sql_mode */ ;
/*!50003 SET character_set_client  = @saved_cs_client */ ;
/*!50003 SET character_set_results = @saved_cs_results */ ;
/*!50003 SET collation_connection  = @saved_col_connection */ ;

--
-- Table structure for table `roles`
--

DROP TABLE IF EXISTS `roles`;
/*!40101 SET @saved_cs_client     = @@character_set_client */;
/*!50503 SET character_set_client = utf8mb4 */;
CREATE TABLE `roles` (
  `id` int unsigned NOT NULL AUTO_INCREMENT,
  `roles` varchar(100) CHARACTER SET utf8mb4 COLLATE utf8mb4_unicode_ci DEFAULT NULL,
  `created_at` datetime DEFAULT CURRENT_TIMESTAMP,
  PRIMARY KEY (`id`),
  UNIQUE KEY `roles` (`roles`)
) ENGINE=InnoDB AUTO_INCREMENT=99 DEFAULT CHARSET=utf8mb4 COLLATE=utf8mb4_unicode_ci;
/*!40101 SET character_set_client = @saved_cs_client */;

--
-- Dumping data for table `roles`
--

LOCK TABLES `roles` WRITE;
/*!40000 ALTER TABLE `roles` DISABLE KEYS */;
INSERT INTO `roles` VALUES (1,'autem','2017-11-18 13:08:06'),(2,'doloribus','2011-08-10 17:44:36'),(3,'cumque','2012-05-11 16:58:17'),(4,'ullam','2014-04-01 09:54:18'),(5,'molestias','2013-10-24 09:39:13'),(6,'commodi','2019-11-06 13:36:52'),(7,'adipisci','2017-03-06 00:10:30'),(8,'veniam','2020-06-03 00:14:19'),(9,'dolorum','2013-02-12 04:57:57'),(10,'suscipit','2014-09-25 22:07:16'),(11,'quidem','2020-10-20 01:05:21'),(12,'voluptas','2018-08-12 21:24:28'),(13,'voluptate','2020-01-06 07:55:45'),(14,'rerum','2016-01-20 05:52:57'),(15,'dignissimos','2019-05-22 15:24:07'),(16,'aperiam','2021-01-08 11:08:05'),(17,'officiis','2021-04-16 02:28:12'),(18,'optio','2012-06-11 18:24:39'),(19,'corporis','2015-04-15 11:49:40'),(20,'natus','2020-07-09 08:21:20'),(21,'voluptates','2015-08-18 09:03:58'),(22,'totam','2012-06-04 11:38:14'),(23,'mollitia','2012-11-16 14:06:51'),(24,'impedit','2017-05-19 08:58:15'),(25,'accusamus','2019-10-12 10:08:07'),(26,'neque','2014-08-10 19:38:35'),(27,'eaque','2018-03-05 03:50:54'),(28,'voluptatem','2016-10-08 20:54:16'),(29,'excepturi','2016-11-22 22:39:13'),(30,'cupiditate','2012-03-13 11:18:27'),(31,'similique','2020-10-27 12:09:04'),(32,'itaque','2017-11-10 21:31:21'),(33,'minima','2020-05-04 19:35:16'),(34,'accusantium','2016-02-15 13:24:10'),(35,'iusto','2019-12-17 14:43:58'),(36,'architecto','2011-09-04 18:12:30'),(37,'possimus','2016-02-21 17:11:07'),(38,'ducimus','2018-05-22 11:46:57'),(39,'sequi','2013-01-19 09:56:32'),(40,'exercitationem','2011-07-23 18:32:52'),(41,'consequuntur','2011-07-28 08:53:28'),(42,'dolorem','2019-11-14 00:13:18'),(43,'labore','2018-06-24 00:36:10'),(44,'doloremque','2018-01-16 22:28:05'),(45,'consequatur','2019-12-31 16:54:24'),(46,'omnis','2015-01-24 18:04:01'),(47,'expedita','2016-04-06 16:58:35');
/*!40000 ALTER TABLE `roles` ENABLE KEYS */;
UNLOCK TABLES;

--
-- Table structure for table `serials`
--

DROP TABLE IF EXISTS `serials`;
/*!40101 SET @saved_cs_client     = @@character_set_client */;
/*!50503 SET character_set_client = utf8mb4 */;
CREATE TABLE `serials` (
  `id` int unsigned NOT NULL,
  `title` varchar(50) CHARACTER SET utf8mb4 COLLATE utf8mb4_unicode_ci DEFAULT NULL,
  `genres` int unsigned DEFAULT NULL,
  `years` smallint DEFAULT NULL,
  `season` tinyint DEFAULT NULL,
  PRIMARY KEY (`id`),
  KEY `serials_years_film_idx` (`years`,`title`),
  KEY `serials_genres_film_idx` (`genres`,`title`),
  CONSTRAINT `serials_genre_id_fk` FOREIGN KEY (`genres`) REFERENCES `multi_genre_films_serials` (`id`)
) ENGINE=InnoDB DEFAULT CHARSET=utf8mb4 COLLATE=utf8mb4_unicode_ci;
/*!40101 SET character_set_client = @saved_cs_client */;

--
-- Dumping data for table `serials`
--

LOCK TABLES `serials` WRITE;
/*!40000 ALTER TABLE `serials` DISABLE KEYS */;
INSERT INTO `serials` VALUES (1,'Debitis quia debitis qui.',42,1988,3),(2,'Voluptatem tempora totam sit et ullam accusantium ',37,2011,8),(3,'Ducimus itaque earum rerum veniam dolores quis exp',56,1972,3),(4,'Animi quam quisquam harum vitae corporis ut.',69,1970,2),(5,'Ipsum aut aperiam fugit tempore.',78,2011,4),(6,'Molestiae autem ut laudantium beatae non.',80,1991,0),(7,'Et nihil laborum enim tempora optio placeat et.',68,1979,4),(8,'Aut rerum quasi aut autem iste.',99,2010,7),(9,'Et aliquid inventore nesciunt ex.',89,2016,4),(10,'Eos doloribus accusamus autem rerum eius qui.',49,2015,1),(11,'Eligendi qui minus reprehenderit voluptatem perspi',79,2006,2),(12,'Saepe voluptatibus omnis officia et.',45,1974,3),(13,'Ut voluptatem quia nam ullam laudantium nobis omni',87,1974,2),(14,'Iste laudantium dolores id ducimus nostrum delenit',2,1990,2),(15,'Doloremque dolor velit similique facere sed aut.',49,1980,2),(16,'Voluptatem occaecati tempore temporibus.',36,2010,8),(17,'Corporis blanditiis non iusto et sunt praesentium ',34,1999,8),(18,'Odit et voluptas eligendi est.',63,2009,9),(19,'Ad ducimus ducimus optio.',12,2005,7),(20,'Est nihil quae delectus officia quia deserunt beat',71,2006,0),(21,'Magni est aspernatur culpa assumenda molestiae fac',19,2012,7),(22,'Vitae maiores odio perferendis id hic consequatur.',82,1983,1),(23,'Optio recusandae asperiores sit quis qui fuga expe',54,2019,8),(24,'In ipsam corporis eaque earum.',20,1978,8),(25,'Rerum alias qui recusandae esse blanditiis.',39,1992,7),(26,'Ipsa voluptatem illum voluptatem excepturi labore ',35,2000,5),(27,'Cupiditate optio blanditiis dolor voluptas quia.',55,2008,8),(28,'Esse neque reiciendis magnam odio reprehenderit.',72,1989,3),(29,'Voluptatem minus voluptatem asperiores accusantium',95,2002,6),(30,'Architecto aliquam officia nemo suscipit tempora s',60,1995,6),(31,'Necessitatibus dolores ullam laborum et aut sequi ',11,2003,9),(32,'Iste praesentium dolorem cupiditate autem vel sed ',76,1980,5),(33,'Accusantium quia sequi ipsam illum quod deserunt.',45,2015,5),(34,'Voluptas vero inventore quo qui.',98,2010,4),(35,'Reprehenderit dolorem rerum iusto porro consequatu',54,1982,2),(36,'Sed aspernatur maxime officiis voluptate eum.',76,1977,8),(37,'Quos id blanditiis voluptatem quo ut.',18,2019,4),(38,'Ab itaque ea sed expedita modi.',62,1996,0),(39,'Esse sit voluptas nihil doloribus praesentium sint',55,1997,5),(40,'Et odit id est veniam libero.',87,2012,1),(41,'Deserunt molestias ipsam natus natus.',71,2016,5),(42,'Modi ipsum delectus facilis vel nulla illo.',91,2007,4),(43,'Quo soluta velit rerum debitis quia consequatur ne',45,2018,0),(44,'Excepturi vel recusandae qui sit sit iusto sit tot',49,2017,2),(45,'Veritatis et at odit vero consequatur nesciunt.',9,2000,2),(46,'Facere eos et consequuntur repudiandae ut.',99,1999,4),(47,'Eligendi quis pariatur aut nulla et optio suscipit',67,1994,0),(48,'Earum quibusdam sunt eaque illo odio in vero.',39,2008,8),(49,'Quia ducimus voluptatum vero quis velit blanditiis',92,2009,8),(50,'Neque qui amet et non impedit.',43,2002,0),(51,'Omnis et excepturi similique quasi.',40,1973,5),(52,'Dolorem modi corrupti non non.',70,1976,2),(53,'A qui architecto nihil dicta debitis.',28,2006,2),(54,'Atque repellat veniam reiciendis officia repudiand',32,1999,6),(55,'Corrupti consequatur dicta et ullam delectus magni',74,2004,0),(56,'Nemo rerum impedit aut molestiae dolor quia optio.',73,1975,2),(57,'Rerum necessitatibus odio quia quas praesentium es',43,1980,7),(58,'Sunt adipisci rerum iusto ad quia.',95,1987,4),(59,'Blanditiis officia nemo quis nemo voluptate.',47,2019,8),(60,'Quia et id est ut et harum ad.',49,1971,4),(61,'Praesentium omnis veniam rerum suscipit non repreh',5,2016,9),(62,'Sunt nobis consequatur explicabo ut vel tenetur du',75,1989,4),(63,'Ea voluptatibus libero debitis alias et.',62,1994,4),(64,'Voluptatum debitis sapiente reprehenderit ut.',84,1988,5),(65,'Sint ut nihil quis aspernatur odio omnis.',34,1998,9),(66,'Libero harum vel nulla suscipit eum hic suscipit.',17,1994,8),(67,'Ipsum possimus eos nemo voluptate.',81,1977,6),(68,'Minima dicta ad doloribus quia.',57,2014,0),(69,'Sint molestiae nihil officiis qui.',38,2015,4),(70,'Nesciunt et numquam molestiae debitis.',19,2007,6),(71,'Perspiciatis consequatur sit laboriosam doloribus ',81,1980,6),(72,'Voluptatum possimus architecto voluptatem ut quisq',46,1979,2),(73,'Et omnis magni et pariatur.',89,1984,3),(74,'Delectus ipsam modi voluptatem voluptates veritati',4,1985,1),(75,'Velit iusto a quod debitis ipsam ea.',54,1992,4),(76,'Labore ipsam id illum et sunt.',58,1993,9),(77,'Debitis fugit minima omnis ducimus.',29,2011,5),(78,'Similique saepe unde non sequi magnam eos.',67,2013,6),(79,'Mollitia unde eos molestias veritatis debitis qui ',51,2014,1),(80,'Natus maxime et ea eveniet dolor.',51,1986,3),(81,'Non qui sint vel voluptatem doloremque dolore in.',3,1990,4),(82,'Et excepturi rerum quia aliquam harum deleniti.',61,1981,3),(83,'Porro recusandae quos unde aliquid mollitia conseq',96,1970,1),(84,'Non consequatur consectetur praesentium optio.',98,1975,1),(85,'Facere vel ut repellat adipisci nobis.',1,1979,2),(86,'Et earum vel alias harum repudiandae ut.',11,1999,9),(87,'Quis rerum et quis totam suscipit veniam rerum.',49,1973,2),(88,'Quo esse qui quam quis molestias.',13,1979,3),(89,'Inventore qui ea sunt voluptate at.',16,2014,7),(90,'Voluptatem officia iure consequatur in veniam sunt',41,2007,5),(91,'Est deleniti voluptatum porro minima ipsam consequ',55,2012,4),(92,'Ipsam possimus adipisci autem ex omnis.',52,2017,9),(93,'Deleniti exercitationem quia aut voluptas quasi ut',93,1991,5),(94,'Amet fugit at quis dolores cum.',11,2005,4),(95,'Sapiente fugit eius consectetur quis sequi velit d',76,2001,3),(96,'Velit ut facilis aspernatur soluta odit laboriosam',44,1983,0),(97,'Et iusto repudiandae cum qui.',94,1996,9),(98,'Incidunt nihil veritatis perspiciatis ullam sequi ',38,2003,5),(99,'Reprehenderit repellendus odit dolores ab nihil.',5,1987,9),(100,'Itaque non officia quaerat voluptatum fugiat repel',11,1975,4);
/*!40000 ALTER TABLE `serials` ENABLE KEYS */;
UNLOCK TABLES;

--
-- Temporary view structure for view `top_100_movies`
--

DROP TABLE IF EXISTS `top_100_movies`;
/*!50001 DROP VIEW IF EXISTS `top_100_movies`*/;
SET @saved_cs_client     = @@character_set_client;
/*!50503 SET character_set_client = utf8mb4 */;
/*!50001 CREATE VIEW `top_100_movies` AS SELECT 
 1 AS `title`,
 1 AS `rating`*/;
SET character_set_client = @saved_cs_client;

--
-- Table structure for table `users`
--

DROP TABLE IF EXISTS `users`;
/*!40101 SET @saved_cs_client     = @@character_set_client */;
/*!50503 SET character_set_client = utf8mb4 */;
CREATE TABLE `users` (
  `id` int unsigned NOT NULL AUTO_INCREMENT COMMENT ' ',
  `first_name` varchar(100) CHARACTER SET utf8mb4 COLLATE utf8mb4_unicode_ci NOT NULL COMMENT ' ',
  `last_name` varchar(100) CHARACTER SET utf8mb4 COLLATE utf8mb4_unicode_ci NOT NULL COMMENT ' ',
  `email` varchar(100) CHARACTER SET utf8mb4 COLLATE utf8mb4_unicode_ci NOT NULL COMMENT '',
  `phone` varchar(100) CHARACTER SET utf8mb4 COLLATE utf8mb4_unicode_ci NOT NULL COMMENT '',
  `pswd_hash` varchar(100) CHARACTER SET utf8mb4 COLLATE utf8mb4_unicode_ci NOT NULL COMMENT 'pasword',
  `created_at` datetime DEFAULT CURRENT_TIMESTAMP COMMENT '  ',
  PRIMARY KEY (`id`),
  UNIQUE KEY `email` (`email`),
  UNIQUE KEY `phone` (`phone`),
  UNIQUE KEY `pswd_hash` (`pswd_hash`),
  KEY `users_first_name_last_name_idx` (`first_name`,`last_name`)
) ENGINE=InnoDB AUTO_INCREMENT=101 DEFAULT CHARSET=utf8mb4 COLLATE=utf8mb4_unicode_ci COMMENT='';
/*!40101 SET character_set_client = @saved_cs_client */;

--
-- Dumping data for table `users`
--

LOCK TABLES `users` WRITE;
/*!40000 ALTER TABLE `users` DISABLE KEYS */;
INSERT INTO `users` VALUES (1,'Daphnee','Corwin','gloria.bernier@example.com','201-868-2728','3f5743683225acf5a16593101dd95802b5f94def','2011-05-27 19:30:20'),(2,'Allison','Senger','henriette45@example.org','707-300-1842x051','be3ff227525644c98b97988ed560bc91e1d422fc','2014-12-23 19:20:28'),(3,'Morton','Prohaska','gusikowski.nelle@example.org','08963967940','7393ea3af7731f4b415d337e9cc55196a49bbf5d','2018-08-20 23:47:43'),(4,'Raphaelle','Quigley','keanu97@example.org','310-141-2851','c1e3d08a65c249cb61545f47ca0e4b490488f66e','2020-05-15 13:07:53'),(5,'Mark','Gutmann','hdouglas@example.org','103-639-9675','12fd3a29f7277008dc43c0c1fb1e5707ae11f2f2','2020-12-22 19:32:05'),(6,'Fermin','Grady','jokuneva@example.org','895.329.7443x237','96643c43f416747c2582a4f90194f7634dc4bfc9','2017-08-11 04:42:53'),(7,'Dejon','Wilkinson','paucek.enoch@example.net','498-261-1852','9899ac36af4bdfed95c32b8739ddf7dad517f781','2015-08-23 03:33:41'),(8,'Lyla','Braun','pearlie.tillman@example.org','132.861.9674','729c5e26c996420f8313b9450452f2d255add824','2013-05-11 21:43:12'),(9,'Mohammed','Berge','rbotsford@example.com','(459)171-2701x2796','4d92325afa7076fb5f698771dddefe4b3574eead','2018-04-25 05:59:38'),(10,'Georgianna','Cormier','nicolas92@example.net','+47(2)3042785411','46050a7c787f7e8f3a90832a91fc2c18679c5b11','2013-12-02 11:15:57'),(11,'Gilda','Gaylord','kianna60@example.org','+56(1)9368391102','807b1af806ecd746e2f35ea0e512e501e95a7e21','2016-05-14 22:16:49'),(12,'Theodora','Keeling','opal.rath@example.org','730-685-4260','7c05f0005b86980bb708286542967efc775dd41c','2011-12-30 07:48:17'),(13,'Michaela','Howell','edward05@example.com','02746415412','483207e83b5751a9d44ea71a04e8839c6bf26ebb','2013-05-02 17:19:16'),(14,'Margarette','Dare','fkeeling@example.org','1-382-987-4064x9248','225be344824f2d12ca6a83f3169d0075b1ed90da','2019-08-28 20:34:03'),(15,'Meggie','Nolan','shemar40@example.org','591.774.5424','9b61eac02fc1ed28f34ea04b09e814e3b89ae2a1','2019-01-18 12:21:08'),(16,'Patience','Ziemann','sdickinson@example.com','1-033-953-3624x0027','4be82ad3e5455acfdc80d7459fe64a1fa0409510','2014-03-19 22:04:45'),(17,'Marilie','Langosh','miles.rice@example.org','992.585.5187','4bd4562f89c28e041f6d11e92d01b356e761ee2e','2015-05-30 12:51:31'),(18,'Elaina','Goldner','toby.oberbrunner@example.org','832.336.9768x540','68d08e2eb682fb65cb7291e5a743fa129f683ece','2012-03-23 03:57:14'),(19,'Alice','McDermott','richie13@example.com','(602)474-8478','386eab60b49202436369d615747e6adc9c5249f5','2015-07-09 07:54:15'),(20,'Aimee','Ortiz','ayden.kreiger@example.org','07863655436','0c74a17be43085352fc91fc5646000dbf2350032','2020-10-26 21:54:39'),(21,'Naomie','Nicolas','charlotte.glover@example.org','1-279-377-7872x02256','688d24bc1aaa877084dac620cdb8f7ec7a644d04','2018-10-25 07:13:57'),(22,'Imelda','Altenwerth','bbaumbach@example.net','1-818-787-1824','f91cf856945946ce5ad9331721b5c0bd2092d9bb','2019-07-13 06:46:39'),(23,'Barry','Weber','zsatterfield@example.net','277.654.3637','450e98b4953c73e889a7744c447aa937a3acda6b','2017-07-26 12:55:35'),(24,'Dolly','Roberts','chadd.bins@example.org','033.288.9850x691','f7fbaea055828707c0285fb5ce3ed604e6979fb7','2012-01-03 15:52:47'),(25,'Aurore','Lang','cortney.jaskolski@example.org','981.733.9955x230','853fe400ddca6530db984a0233fe70b454a7fc9f','2019-08-13 05:37:23'),(26,'Kiley','Weimann','loma29@example.com','866.288.8540x939','bc75aac2469a387ee3cd2b64cecd9097358cfed3','2014-08-29 21:54:43'),(27,'Seth','Kling','drussel@example.org','1-066-953-8838','9668ddbc937355ea91f67f11cab557175b81874e','2020-08-13 11:00:39'),(28,'Beaulah','Conroy','evan.jacobson@example.org','1-662-229-1684x212','86b3726f7525312352f1d0ae48b52e0d49f70fd9','2016-06-09 14:28:13'),(29,'Fleta','Botsford','quitzon.quincy@example.org','(551)720-1356','2dc8525653a2dfb4aa3ec3dcab298853deb3e9e7','2018-07-29 06:07:38'),(30,'Weldon','Maggio','psatterfield@example.org','832.559.2855x18898','a2e1f7156106e7ae2a04562d564580428f8a5bfb','2020-03-04 22:33:42'),(31,'Grace','Tillman','keshaun40@example.net','667-098-1553','f883958f7941d5fd459966780ac8b4f36c4fbe7b','2019-01-08 03:43:28'),(32,'Irwin','Johnston','camden.spinka@example.com','(423)169-5074x23566','917a568a5d790452f6f2b36bf42697e15d086cf4','2020-06-30 08:26:35'),(33,'Elenor','Strosin','nola45@example.com','(214)997-9986','c1c32d21e3fd5ebf3f329b42834852efea99e7d3','2016-01-07 08:23:48'),(34,'Carole','Windler','king.tomas@example.net','055.121.6055x50995','106097a3f592c7848e12918f26d5ad1a680a907a','2017-02-20 14:42:56'),(35,'Afton','Dicki','zulauf.harold@example.net','(652)434-8279','d1804551096cd668a7d16ffac17d8c8db1d72e76','2014-05-03 03:15:37'),(36,'Shad','Stroman','lyric.bergnaum@example.org','629-608-6117x0585','c2435ef094186648778d6118e4fb910910ca03d3','2011-09-17 17:11:31'),(37,'Granville','Kuvalis','helene87@example.com','(663)866-5079','3c341c8b47e883f5a8435f405540b0ba77e0b151','2017-10-31 15:23:28'),(38,'Esta','Schiller','ariane31@example.org','+31(8)7818075356','a308491ddb408a8209731e35f64d0c427755ed94','2015-05-10 20:29:52'),(39,'Emilia','Conroy','gbraun@example.net','03741517404','a7676abb0c4f402afcacc93bde036934d7138ff4','2019-07-31 20:38:13'),(40,'Jeramie','Crooks','pagac.nicolas@example.org','1-054-574-3461x345','710e0c593770b3787d5767c6652ca6153057d3b2','2020-05-30 02:28:37'),(41,'Lela','Kreiger','kessler.gillian@example.org','1-173-871-9089x62687','6704c014e73f2417d3f7137bd4c50b1af1cacd1c','2016-07-09 21:43:14'),(42,'Benedict','Volkman','donny.hegmann@example.com','07985709166','5c0665d998bba5dc39f924703ce5dc1bff4bf510','2020-06-03 04:39:27'),(43,'Deontae','Graham','zyundt@example.org','(340)312-0387x068','9334229b556e6a06dd0bebc51a4e71a1dcedc052','2016-11-22 18:55:27'),(44,'Mable','Boehm','hertha18@example.net','911-165-4302','c7a12a258b754df2fd40e3bbe6cf8240cfd0a7c9','2014-11-08 15:20:38'),(45,'Domenico','Auer','rickey.stokes@example.com','+26(5)5541215949','f8e4837459735e8f1754ed8a734b366b57686faa','2018-06-11 14:15:47'),(46,'Amy','Monahan','eemard@example.com','(389)751-6385x77149','c85a00255fcbc487afb618957e7f17c43f1a4856','2015-02-27 08:21:36'),(47,'Rex','Kerluke','yundt.deshaun@example.net','619-103-4711x84665','674020e54e313e6abdbb3dd22e5c4c707533587c','2012-02-19 16:36:40'),(48,'Claudia','Hammes','vilma.koelpin@example.net','+81(5)6708113263','5ff18958940ee61ce468b083f429adf2749bb7b1','2014-02-08 09:08:17'),(49,'Myrna','Cummings','aditya.kreiger@example.org','479.314.8115x21456','1badfee02506af1ecabaab4e5212548a06e690f1','2016-05-19 07:42:41'),(50,'Marcellus','Senger','rosella46@example.net','1-149-180-2131','f18c0d68ce2febfe243e5f2ff8d1bd2aacbbdb9e','2014-06-08 10:53:46'),(51,'Aniyah','Hudson','dorothea.kirlin@example.com','846-942-1281','34d4c70c90de9e8e1b2448d597e057ed1e09dcb2','2018-05-12 20:05:04'),(52,'Kaia','Hickle','ldubuque@example.com','407.814.1479','f432cf06a3bb172925e849b4f43debc989be6043','2019-05-27 04:42:30'),(53,'Elwin','Wolff','fo\'conner@example.org','480-281-6723','610477a411e91c61cf94956fdcf26af8e33c28dc','2013-04-06 10:10:49'),(54,'Dena','Wilderman','courtney.harvey@example.org','021.068.9943x742','d1b04f9dd2d2d0d7a34b37842dafed677ffe9611','2017-12-02 01:37:19'),(55,'Betsy','Connelly','macy30@example.net','(127)651-8058x532','8053bb193f1e1cb578eeff495c6196e5706b7962','2021-04-03 09:01:16'),(56,'Katlyn','Brakus','djenkins@example.net','+30(2)0686653194','17de1f283293e7d5a23208baf230e24770cf2b98','2019-10-08 00:42:31'),(57,'Raymond','Stanton','bsimonis@example.org','460-556-4747','096e62e65f0fa3d330e5f02a18334d747da7cc74','2016-08-11 14:46:25'),(58,'Ignacio','Kertzmann','block.jessyca@example.com','658.303.4652x369','36f2bde936fa8252b8d5f6bc66bf9b00cb6cdcf6','2012-07-15 19:12:16'),(59,'Ignacio','Thompson','vvon@example.net','977-113-8927x056','9b463878f0855602ce26ac9775e2d18d7ccd69d5','2021-02-24 09:46:51'),(60,'Coby','Cole','emmie.lowe@example.com','747.186.6392x058','fc3a1d8b668e96178c12aeedb5952c6e172df34b','2020-05-08 16:30:29'),(61,'Yessenia','Adams','melissa.o\'connell@example.com','646.537.1232','0848194b0df3c445fb3911e4f0c1b3dea480d906','2014-01-18 20:47:24'),(62,'Sylvia','Ryan','nader.cleveland@example.org','485-639-0369','9884284f7d371ce929c56d0c106d18850f98b02a','2018-08-10 16:54:39'),(63,'Delphine','Jast','junius.kris@example.org','927.404.7448x94471','5bbb79be074b44768e9cab81f7479a4c20dd49f8','2015-05-03 21:13:27'),(64,'Liza','Kuhic','alice10@example.com','(812)054-3325','14871f8e9dd6d209f9e9699d487a2dcd06b90aa3','2016-10-29 14:58:53'),(65,'Zola','Ondricka','ibrahim65@example.net','(246)484-8203x3914','c42fdd0374a95ddbb79d24c5568212d0fe5b9ac3','2015-06-30 05:07:28'),(66,'Malika','Kutch','zane.reilly@example.com','07347732347','4729064f5ed18415cc86b734215aa80e63a0854a','2019-03-16 06:09:17'),(67,'Isabella','Bins','beer.emiliano@example.com','(350)573-0127x766','3f4a445da61deb7ed9495fa7d5d4d0644eb71a83','2012-10-15 11:57:20'),(68,'Darryl','Hilpert','leffler.isom@example.org','1-580-559-2341','3d58e3dca0e6140e5fa0f259832553ccbf9fcf1a','2019-03-02 16:52:35'),(69,'Joy','Turner','savannah35@example.com','00305509858','429a0c1393a42443e0831791271e442c338aa7e8','2012-08-05 13:09:54'),(70,'Bethel','Dickens','rowena.wilderman@example.net','(713)955-1272x3709','2495bf968fb8663ae6177c9a8846bdcddf6937fd','2015-07-19 21:22:14'),(71,'Gennaro','Kris','julianne.rippin@example.org','736-647-2674','559df6ab4c66d369fabbc098c6a8c28cf1724b7c','2014-10-21 03:44:28'),(72,'Elda','Cormier','percival.koelpin@example.com','216.647.8250','53516ea3dc85dd00b584f8794826b9b901ee6ac4','2020-05-01 11:10:46'),(73,'Chauncey','Will','alberto.toy@example.org','468-487-4806x7028','b079cd2736b71f344471daa2970d4da8c1c6637a','2016-05-21 17:59:53'),(74,'Elvera','Doyle','jameson.brakus@example.com','02411869350','50d244d3127bae61f367322cb641d9f23507586b','2017-03-18 12:13:50'),(75,'Florida','Stokes','paucek.edward@example.com','+33(6)3734714866','9af352c89c93cb69dd77a2fc4e1631e570d5328c','2018-03-28 11:52:35'),(76,'Gay','Koepp','deshaun84@example.net','09516382045','1e428dae38784499f0f159a4a2b068f0a5d45fdd','2019-01-06 21:18:39'),(77,'Jude','Heaney','kris.harold@example.com','1-189-830-1681x3075','dd6e59742ab38429d8189a07ca7d141d769171c1','2017-11-10 04:18:35'),(78,'Eve','Heaney','cecile.rutherford@example.net','042-249-3930x084','9fd1313b72eafed861545148b04705530adca68e','2016-12-01 21:11:40'),(79,'Alexandrine','Jacobi','sipes.lawrence@example.net','451.962.7366','17b40b308996ca39884efd324e89a76b3a048ac8','2016-11-15 22:17:40'),(80,'Caterina','Hartmann','marcus.witting@example.com','1-860-698-5319x8578','f58f6ded86911efc1a4ab41102b2626fc8144bc4','2019-01-31 23:26:33'),(81,'Althea','Gutkowski','hermiston.willie@example.com','1-134-630-4064','16004365ef2f305e0ecbc2195fa32372f2635f59','2019-11-21 02:28:33'),(82,'Kaden','Hand','daniel.lucile@example.org','774-005-7406x7964','2da147a71b5ec0befbb05fb0ada2f2a0e5f87e00','2014-11-12 18:32:55'),(83,'Jaylan','Kertzmann','godfrey.d\'amore@example.com','+16(5)0749829208','52bf008d27f7fc229c1633e1b4b05fe237c5e94b','2012-09-19 16:49:27'),(84,'Jazmin','Lind','kaelyn.prohaska@example.net','(661)471-2148','9b1908db24b13962159b7911efe376787515431b','2017-08-12 14:37:25'),(85,'Joseph','Lehner','bherman@example.com','(370)592-0261x932','69fbea1b848fb6c150b39940525adfe3b608610b','2021-03-06 22:36:42'),(86,'Jazmyne','Crist','blanda.dusty@example.com','09446027818','b6cd2006226a1d6775475d81e9d36a04171d66d7','2013-07-08 09:23:34'),(87,'Erling','Dickens','rebekah.barrows@example.org','(861)393-9357x206','63ce7cef2f016a29975e865ff33d04b35409b867','2012-02-14 17:00:40'),(88,'Muriel','Lindgren','archibald60@example.org','1-726-372-2811x10941','21cb4fa012ef47f30921965f7423cb7ba2947cce','2020-12-24 04:17:37'),(89,'Brisa','Towne','kaylin.cummerata@example.com','1-470-177-5495','488cdf7da00fd8a34d9e1ae3b302ec87bd15e361','2014-07-23 01:23:53'),(90,'Emerson','Hamill','ruthe.blanda@example.net','1-405-280-4173x81460','3ce55cd1af6a49e7b7242d11ab7c8e722b932616','2020-01-18 04:06:56'),(91,'Sarina','Breitenberg','dayton40@example.net','415.081.3439','e548a82f8b607c740d2dbba9c27e06a54cc74fce','2016-08-10 00:00:32'),(92,'Mittie','Keeling','barney29@example.org','06494192832','a373cca11e0cb4e3ca5d145d9d5a217c3efc746e','2019-11-04 11:59:15'),(93,'Estrella','Ryan','gibson.reyes@example.org','(553)246-0143x237','bce92e26e083002617222019e8d73bab071dd853','2015-08-27 19:33:34'),(94,'Keanu','Stehr','maurice.schimmel@example.org','09958396381','0b973f489ebd7d3b12847480e84c7dc4ffacaadb','2013-09-21 11:08:36'),(95,'Buford','Baumbach','valentin.cartwright@example.com','327-528-3507','0fed050f74d1dded207fc50117693e8be13a5f8a','2020-12-06 06:13:23'),(96,'Lonnie','Stracke','danyka.stokes@example.org','09717048028','0f2e91c83608666c2847b019df99506a03747e7b','2012-03-05 15:13:15'),(97,'Cleta','Gulgowski','lamont.schowalter@example.org','1-015-976-0398x98121','389b31f291af6dbf012f900100a068e6367f5c5b','2014-11-13 07:22:40'),(98,'Syble','Ward','sheldon.durgan@example.com','1-730-399-5862x90526','177df91185ee83983c31c872324fae05cdccf8ff','2015-10-30 17:59:52'),(99,'D\'angelo','O\'Reilly','jazlyn54@example.org','931-018-0779','5b4b7e417ae11aac9c676cfc0896193d67a2b826','2013-11-06 07:08:21'),(100,'Rachel','Padberg','simonis.arnaldo@example.com','(216)924-1968x134','79d91febf310294fe6d25758b8fa5af12f0bd945','2014-05-27 23:37:29');
/*!40000 ALTER TABLE `users` ENABLE KEYS */;
UNLOCK TABLES;

--
-- Table structure for table `watched_films`
--

DROP TABLE IF EXISTS `watched_films`;
/*!40101 SET @saved_cs_client     = @@character_set_client */;
/*!50503 SET character_set_client = utf8mb4 */;
CREATE TABLE `watched_films` (
  `id` int unsigned NOT NULL AUTO_INCREMENT,
  `user_id` int unsigned NOT NULL COMMENT '  ',
  `film_id` int unsigned NOT NULL,
  PRIMARY KEY (`id`),
  KEY `watched_films_user_id_fk` (`user_id`),
  KEY `watched_films_f_fk` (`film_id`),
  CONSTRAINT `watched_films_f_fk` FOREIGN KEY (`film_id`) REFERENCES `films` (`id`),
  CONSTRAINT `watched_films_user_id_fk` FOREIGN KEY (`user_id`) REFERENCES `users` (`id`) ON DELETE CASCADE
) ENGINE=InnoDB AUTO_INCREMENT=101 DEFAULT CHARSET=utf8mb4 COLLATE=utf8mb4_0900_ai_ci;
/*!40101 SET character_set_client = @saved_cs_client */;

--
-- Dumping data for table `watched_films`
--

LOCK TABLES `watched_films` WRITE;
/*!40000 ALTER TABLE `watched_films` DISABLE KEYS */;
INSERT INTO `watched_films` VALUES (1,90,85),(2,56,24),(3,50,78),(4,40,66),(5,10,53),(6,33,5),(7,26,15),(8,95,28),(9,58,3),(10,43,3),(11,89,32),(12,92,64),(13,46,35),(14,35,72),(15,52,44),(16,66,96),(17,81,18),(18,44,66),(19,97,88),(20,48,78),(21,42,76),(22,55,46),(23,62,75),(24,86,6),(25,71,37),(26,72,48),(27,23,72),(28,89,27),(29,69,62),(30,2,25),(31,17,12),(32,8,2),(33,86,23),(34,57,15),(35,2,65),(36,19,100),(37,44,18),(38,60,42),(39,32,31),(40,61,11),(41,71,20),(42,87,76),(43,19,66),(44,71,56),(45,67,68),(46,36,76),(47,72,32),(48,42,14),(49,45,82),(50,75,29),(51,20,11),(52,96,44),(53,33,31),(54,58,95),(55,99,12),(56,60,66),(57,50,49),(58,97,35),(59,86,24),(60,63,40),(61,10,29),(62,14,84),(63,75,26),(64,3,36),(65,70,41),(66,93,44),(67,41,70),(68,26,21),(69,25,64),(70,42,17),(71,60,48),(72,60,56),(73,98,20),(74,7,76),(75,59,67),(76,58,88),(77,63,52),(78,72,4),(79,2,97),(80,79,6),(81,89,29),(82,76,92),(83,30,75),(84,86,2),(85,51,50),(86,97,34),(87,78,88),(88,7,71),(89,34,56),(90,79,24),(91,85,50),(92,94,20),(93,18,31),(94,100,8),(95,37,61),(96,94,86),(97,46,73),(98,24,3),(99,44,8),(100,9,22);
/*!40000 ALTER TABLE `watched_films` ENABLE KEYS */;
UNLOCK TABLES;

--
-- Table structure for table `watched_serials`
--

DROP TABLE IF EXISTS `watched_serials`;
/*!40101 SET @saved_cs_client     = @@character_set_client */;
/*!50503 SET character_set_client = utf8mb4 */;
CREATE TABLE `watched_serials` (
  `id` int unsigned NOT NULL AUTO_INCREMENT,
  `user_id` int unsigned NOT NULL COMMENT '  ',
  `serial_id` int unsigned NOT NULL,
  PRIMARY KEY (`id`),
  KEY `watched_serials_user_id_fk` (`user_id`),
  KEY `watched_serials_s_fk` (`serial_id`),
  CONSTRAINT `watched_serials_s_fk` FOREIGN KEY (`serial_id`) REFERENCES `serials` (`id`),
  CONSTRAINT `watched_serials_user_id_fk` FOREIGN KEY (`user_id`) REFERENCES `users` (`id`) ON DELETE CASCADE
) ENGINE=InnoDB AUTO_INCREMENT=101 DEFAULT CHARSET=utf8mb4 COLLATE=utf8mb4_0900_ai_ci;
/*!40101 SET character_set_client = @saved_cs_client */;

--
-- Dumping data for table `watched_serials`
--

LOCK TABLES `watched_serials` WRITE;
/*!40000 ALTER TABLE `watched_serials` DISABLE KEYS */;
INSERT INTO `watched_serials` VALUES (1,1,1),(2,2,2),(3,3,3),(4,4,4),(5,5,5),(6,6,6),(7,7,7),(8,8,8),(9,9,9),(10,10,10),(11,11,11),(12,12,12),(13,13,13),(14,14,14),(15,15,15),(16,16,16),(17,17,17),(18,18,18),(19,19,19),(20,20,20),(21,21,21),(22,22,22),(23,23,23),(24,24,24),(25,25,25),(26,26,26),(27,27,27),(28,28,28),(29,29,29),(30,30,30),(31,31,31),(32,32,32),(33,33,33),(34,34,34),(35,35,35),(36,36,36),(37,37,37),(38,38,38),(39,39,39),(40,40,40),(41,41,41),(42,42,42),(43,43,43),(44,44,44),(45,45,45),(46,46,46),(47,47,47),(48,48,48),(49,49,49),(50,50,50),(51,51,51),(52,52,52),(53,53,53),(54,54,54),(55,55,55),(56,56,56),(57,57,57),(58,58,58),(59,59,59),(60,60,60),(61,61,61),(62,62,62),(63,63,63),(64,64,64),(65,65,65),(66,66,66),(67,67,67),(68,68,68),(69,69,69),(70,70,70),(71,71,71),(72,72,72),(73,73,73),(74,74,74),(75,75,75),(76,76,76),(77,77,77),(78,78,78),(79,79,79),(80,80,80),(81,81,81),(82,82,82),(83,83,83),(84,84,84),(85,85,85),(86,86,86),(87,87,87),(88,88,88),(89,89,89),(90,90,90),(91,91,91),(92,92,92),(93,93,93),(94,94,94),(95,95,95),(96,96,96),(97,97,97),(98,98,98),(99,99,99),(100,100,100);
/*!40000 ALTER TABLE `watched_serials` ENABLE KEYS */;
UNLOCK TABLES;

--
-- Table structure for table `works_of_celebs`
--

DROP TABLE IF EXISTS `works_of_celebs`;
/*!40101 SET @saved_cs_client     = @@character_set_client */;
/*!50503 SET character_set_client = utf8mb4 */;
CREATE TABLE `works_of_celebs` (
  `film_id` int unsigned NOT NULL,
  `serial_id` int unsigned NOT NULL,
  `celeb_id` int unsigned NOT NULL,
  `role_id` int unsigned NOT NULL,
  PRIMARY KEY (`film_id`,`serial_id`,`celeb_id`,`role_id`),
  KEY `works_of_celebs_serials_id_fk` (`serial_id`),
  KEY `works_of_celebs_celeb_id_fk` (`celeb_id`),
  KEY `works_of_celebs_role_id_fk` (`role_id`),
  CONSTRAINT `works_of_celebs_celeb_id_fk` FOREIGN KEY (`celeb_id`) REFERENCES `celebs` (`id`),
  CONSTRAINT `works_of_celebs_films_id_fk` FOREIGN KEY (`film_id`) REFERENCES `films` (`id`),
  CONSTRAINT `works_of_celebs_role_id_fk` FOREIGN KEY (`role_id`) REFERENCES `roles` (`id`),
  CONSTRAINT `works_of_celebs_serials_id_fk` FOREIGN KEY (`serial_id`) REFERENCES `serials` (`id`)
) ENGINE=InnoDB DEFAULT CHARSET=utf8mb4 COLLATE=utf8mb4_unicode_ci;
/*!40101 SET character_set_client = @saved_cs_client */;

--
-- Dumping data for table `works_of_celebs`
--

LOCK TABLES `works_of_celebs` WRITE;
/*!40000 ALTER TABLE `works_of_celebs` DISABLE KEYS */;
INSERT INTO `works_of_celebs` VALUES (99,1,11,13),(81,3,70,37),(15,5,81,38),(23,6,59,32),(3,9,35,32),(8,9,23,14),(19,11,96,11),(9,14,42,27),(49,14,22,15),(63,14,77,2),(95,14,82,42),(29,15,90,2),(81,15,29,46),(89,16,13,33),(42,17,57,45),(57,17,15,4),(9,19,70,44),(13,19,53,1),(55,19,31,45),(75,20,75,38),(91,20,28,23),(21,22,46,45),(27,24,38,14),(72,24,3,28),(46,25,86,6),(56,28,74,45),(85,28,82,17),(91,29,71,18),(44,30,18,47),(64,30,60,14),(93,30,71,38),(35,31,50,12),(69,32,54,7),(76,32,34,34),(35,33,63,23),(63,34,78,42),(30,35,84,12),(60,38,10,24),(13,42,67,41),(18,45,73,31),(22,45,62,9),(44,45,94,26),(72,45,10,27),(26,46,50,39),(54,46,67,24),(62,50,66,44),(88,50,85,20),(13,51,19,10),(18,51,1,12),(10,53,37,43),(36,53,56,42),(38,53,51,26),(40,54,46,2),(55,54,1,14),(70,55,61,14),(2,57,76,26),(55,59,30,27),(64,59,1,38),(88,60,36,47),(91,60,24,18),(97,60,10,47),(35,61,97,32),(76,61,76,6),(13,62,68,24),(7,63,96,46),(51,65,73,1),(70,66,18,47),(14,69,2,39),(31,71,64,7),(50,74,18,9),(43,75,48,16),(21,76,19,19),(74,76,58,5),(2,77,79,41),(37,77,72,21),(25,78,14,12),(51,79,42,24),(24,80,30,40),(24,82,36,8),(61,82,29,14),(19,84,64,20),(78,84,83,22),(3,85,14,37),(62,85,37,36),(17,86,80,1),(80,86,89,15),(71,88,28,6),(14,89,2,31),(10,90,20,35),(38,94,52,20),(40,94,48,39),(84,94,18,21),(20,96,20,21),(43,96,49,38),(6,98,74,41),(32,98,95,44),(100,98,89,19),(44,99,61,36),(78,99,61,45),(39,100,81,22);
/*!40000 ALTER TABLE `works_of_celebs` ENABLE KEYS */;
UNLOCK TABLES;

--
-- Dumping routines for database 'kinopoisk'
--
/*!50003 DROP PROCEDURE IF EXISTS `insert_any_number_of_users` */;
/*!50003 SET @saved_cs_client      = @@character_set_client */ ;
/*!50003 SET @saved_cs_results     = @@character_set_results */ ;
/*!50003 SET @saved_col_connection = @@collation_connection */ ;
/*!50003 SET character_set_client  = utf8mb4 */ ;
/*!50003 SET character_set_results = utf8mb4 */ ;
/*!50003 SET collation_connection  = utf8mb4_0900_ai_ci */ ;
/*!50003 SET @saved_sql_mode       = @@sql_mode */ ;
/*!50003 SET sql_mode              = 'ONLY_FULL_GROUP_BY,STRICT_TRANS_TABLES,NO_ZERO_IN_DATE,NO_ZERO_DATE,ERROR_FOR_DIVISION_BY_ZERO,NO_ENGINE_SUBSTITUTION' */ ;
DELIMITER ;;
CREATE DEFINER=`root`@`localhost` PROCEDURE `insert_any_number_of_users`(in num int)
BEGIN
DECLARE i INT UNSIGNED DEFAULT 1; WHILE i <= num DO
INSERT INTO multi_genre_films_serials (genre_id, film_id, serial_id) VALUES (i, i, i);
SET i = i + 1; END WHILE;
END ;;
DELIMITER ;
/*!50003 SET sql_mode              = @saved_sql_mode */ ;
/*!50003 SET character_set_client  = @saved_cs_client */ ;
/*!50003 SET character_set_results = @saved_cs_results */ ;
/*!50003 SET collation_connection  = @saved_col_connection */ ;

--
-- Final view structure for view `top_100_movies`
--

/*!50001 DROP VIEW IF EXISTS `top_100_movies`*/;
/*!50001 SET @saved_cs_client          = @@character_set_client */;
/*!50001 SET @saved_cs_results         = @@character_set_results */;
/*!50001 SET @saved_col_connection     = @@collation_connection */;
/*!50001 SET character_set_client      = utf8mb4 */;
/*!50001 SET character_set_results     = utf8mb4 */;
/*!50001 SET collation_connection      = utf8mb4_0900_ai_ci */;
/*!50001 CREATE ALGORITHM=UNDEFINED */
/*!50013 DEFINER=`root`@`localhost` SQL SECURITY DEFINER */
/*!50001 VIEW `top_100_movies` AS select `f`.`title` AS `title`,`r`.`rating` AS `rating` from (`rated` `r` join `films` `f` on((`f`.`id` = `r`.`film_id`))) order by `r`.`rating` desc limit 100 */;
/*!50001 SET character_set_client      = @saved_cs_client */;
/*!50001 SET character_set_results     = @saved_cs_results */;
/*!50001 SET collation_connection      = @saved_col_connection */;
/*!40103 SET TIME_ZONE=@OLD_TIME_ZONE */;

/*!40101 SET SQL_MODE=@OLD_SQL_MODE */;
/*!40014 SET FOREIGN_KEY_CHECKS=@OLD_FOREIGN_KEY_CHECKS */;
/*!40014 SET UNIQUE_CHECKS=@OLD_UNIQUE_CHECKS */;
/*!40101 SET CHARACTER_SET_CLIENT=@OLD_CHARACTER_SET_CLIENT */;
/*!40101 SET CHARACTER_SET_RESULTS=@OLD_CHARACTER_SET_RESULTS */;
/*!40101 SET COLLATION_CONNECTION=@OLD_COLLATION_CONNECTION */;
/*!40111 SET SQL_NOTES=@OLD_SQL_NOTES */;

-- Dump completed on 2021-05-31 21:47:23
