-- MySQL dump 10.13  Distrib 8.0.23, for macos10.15 (x86_64)
--
-- Host: localhost    Database: vk
-- ------------------------------------------------------
-- Server version	8.0.23

/*!40101 SET @OLD_CHARACTER_SET_CLIENT=@@CHARACTER_SET_CLIENT */;
/*!40101 SET @OLD_CHARACTER_SET_RESULTS=@@CHARACTER_SET_RESULTS */;
/*!40101 SET @OLD_COLLATION_CONNECTION=@@COLLATION_CONNECTION */;
/*!50503 SET NAMES utf8mb4 */;
/*!40103 SET @OLD_TIME_ZONE=@@TIME_ZONE */;
/*!40103 SET TIME_ZONE='+00:00' */;
/*!40014 SET @OLD_UNIQUE_CHECKS=@@UNIQUE_CHECKS, UNIQUE_CHECKS=0 */;
/*!40014 SET @OLD_FOREIGN_KEY_CHECKS=@@FOREIGN_KEY_CHECKS, FOREIGN_KEY_CHECKS=0 */;
/*!40101 SET @OLD_SQL_MODE=@@SQL_MODE, SQL_MODE='NO_AUTO_VALUE_ON_ZERO' */;
/*!40111 SET @OLD_SQL_NOTES=@@SQL_NOTES, SQL_NOTES=0 */;

--
-- Table structure for table `cities`
--

DROP TABLE IF EXISTS `cities`;
/*!40101 SET @saved_cs_client     = @@character_set_client */;
/*!50503 SET character_set_client = utf8mb4 */;
CREATE TABLE `cities` (
  `id` int unsigned NOT NULL AUTO_INCREMENT,
  `name` varchar(150) CHARACTER SET utf8mb4 COLLATE utf8mb4_unicode_ci NOT NULL,
  `country_id` int unsigned DEFAULT NULL,
  PRIMARY KEY (`id`),
  KEY `cities_country_id_fk` (`country_id`),
  CONSTRAINT `cities_country_id_fk` FOREIGN KEY (`country_id`) REFERENCES `countries` (`id`)
) ENGINE=InnoDB AUTO_INCREMENT=101 DEFAULT CHARSET=utf8mb4 COLLATE=utf8mb4_unicode_ci;
/*!40101 SET character_set_client = @saved_cs_client */;

--
-- Dumping data for table `cities`
--

LOCK TABLES `cities` WRITE;
/*!40000 ALTER TABLE `cities` DISABLE KEYS */;
INSERT INTO `cities` VALUES (1,'Hermistonville',1),(2,'Port Hillaryville',2),(3,'Wildermanville',3),(4,'Jakubowskishire',4),(5,'Mafaldaberg',5),(6,'East Jewellbury',6),(7,'Marianeport',7),(8,'Mckenzieville',8),(9,'Preciousburgh',9),(10,'Lake Titusburgh',10),(11,'Cieloburgh',11),(12,'Brianneton',12),(13,'Adrienneshire',13),(14,'Gislasonport',14),(15,'Jenkinsburgh',15),(16,'Handland',16),(17,'Hahnmouth',17),(18,'Lake Mireillebury',18),(19,'New Tara',19),(20,'Raoulstad',20),(21,'Corkerymouth',21),(22,'Bartellberg',22),(23,'Kaylahfurt',23),(24,'Funkburgh',24),(25,'Calemouth',25),(26,'South Jerel',26),(27,'Carterfort',27),(28,'Tevinport',28),(29,'South Evertberg',29),(30,'Mayertstad',30),(31,'Grahamfurt',31),(32,'Raeborough',32),(33,'Ullrichhaven',33),(34,'Sporerton',34),(35,'New Emeliastad',35),(36,'Marvinshire',36),(37,'New Odessaland',37),(38,'South Jaspermouth',38),(39,'Port Mayraberg',39),(40,'South Alexzander',40),(41,'Annamaeside',41),(42,'West Zoeshire',42),(43,'Altenwerthbury',43),(44,'Vedaland',44),(45,'Jaydaborough',45),(46,'Shaynashire',46),(47,'North Reagan',47),(48,'Dellachester',48),(49,'Christophaven',49),(50,'Archbury',50),(51,'West Miraclefurt',51),(52,'Predovicland',52),(53,'Grantville',53),(54,'West Isai',54),(55,'Croninview',55),(56,'New Bennie',56),(57,'Danielchester',57),(58,'Dameonport',58),(59,'Martinfort',59),(60,'South Evelyn',60),(61,'East Mathew',61),(62,'Angelafort',62),(63,'Paucekburgh',63),(64,'South Marcelleland',64),(65,'East Terrell',65),(66,'Lake Marianomouth',66),(67,'West Nathenburgh',67),(68,'South Susie',68),(69,'West Darylchester',69),(70,'Lake Wilhelm',70),(71,'Lake Domenicport',71),(72,'Port Aricside',72),(73,'Johnstonstad',73),(74,'Jakubowskiburgh',74),(75,'Evanhaven',75),(76,'Port Malloryberg',76),(77,'Cortneyburgh',77),(78,'Geoffreymouth',78),(79,'South Amy',79),(80,'Batzview',80),(81,'Wittingburgh',81),(82,'Jetttown',82),(83,'Bernhardbury',83),(84,'North Alexandrinefurt',84),(85,'Tiarastad',85),(86,'New Arliechester',86),(87,'Sidmouth',87),(88,'Port Izabellahaven',88),(89,'Port Tamara',89),(90,'New Guidoville',90),(91,'Lake Angelina',91),(92,'North Ladarius',92),(93,'Lake Enid',93),(94,'Lacyville',94),(95,'West Dorothyburgh',95),(96,'Walkershire',96),(97,'South Daniellatown',97),(98,'Port Boyd',98),(99,'South Gregoriastad',99),(100,'Schustermouth',100);
/*!40000 ALTER TABLE `cities` ENABLE KEYS */;
UNLOCK TABLES;

--
-- Table structure for table `communities`
--

DROP TABLE IF EXISTS `communities`;
/*!40101 SET @saved_cs_client     = @@character_set_client */;
/*!50503 SET character_set_client = utf8mb4 */;
CREATE TABLE `communities` (
  `id` int unsigned NOT NULL AUTO_INCREMENT COMMENT '????????????? ?????',
  `name` varchar(150) COLLATE utf8mb4_unicode_ci NOT NULL,
  `created_at` datetime DEFAULT CURRENT_TIMESTAMP COMMENT '????? ???????? ??????',
  `updated_at` datetime DEFAULT CURRENT_TIMESTAMP ON UPDATE CURRENT_TIMESTAMP COMMENT '????? ?????????? ??????',
  PRIMARY KEY (`id`),
  UNIQUE KEY `name` (`name`),
  UNIQUE KEY `name_2` (`name`),
  UNIQUE KEY `name_3` (`name`)
) ENGINE=InnoDB AUTO_INCREMENT=11 DEFAULT CHARSET=utf8mb4 COLLATE=utf8mb4_unicode_ci COMMENT='??????';
/*!40101 SET character_set_client = @saved_cs_client */;

--
-- Dumping data for table `communities`
--

LOCK TABLES `communities` WRITE;
/*!40000 ALTER TABLE `communities` DISABLE KEYS */;
INSERT INTO `communities` VALUES (1,'Repudiandae aliquid ut et eum.','2012-02-26 19:38:30','2020-08-30 00:41:00'),(2,'Officia sint deserunt molestias vel harum.','2017-03-22 03:56:31','2020-08-28 02:50:41'),(3,'Laboriosam maxime aut animi quas facilis id dolor ab.','2018-10-29 23:55:23','2012-03-22 03:33:19'),(4,'Nam libero beatae qui quidem.','2019-07-31 03:20:29','2018-03-21 13:53:09'),(5,'Quo sed atque omnis et qui.','2016-04-06 01:28:28','2016-02-11 23:38:58'),(6,'Reprehenderit recusandae culpa ducimus nihil ex voluptatem iusto.','2018-07-27 15:02:58','2019-06-24 12:06:48'),(7,'Repellat similique ex praesentium quia itaque eos.','2020-05-04 06:48:30','2016-10-02 20:14:02'),(8,'Corporis laudantium quia ut ratione suscipit ut.','2013-11-06 18:44:02','2013-03-02 11:57:51'),(9,'Vel nihil eaque quas natus ab.','2019-05-20 17:05:46','2015-06-25 12:42:28'),(10,'Aut exercitationem quasi id tenetur est et.','2013-07-09 06:59:16','2014-12-17 21:26:05');
/*!40000 ALTER TABLE `communities` ENABLE KEYS */;
UNLOCK TABLES;

--
-- Table structure for table `communities_users`
--

DROP TABLE IF EXISTS `communities_users`;
/*!40101 SET @saved_cs_client     = @@character_set_client */;
/*!50503 SET character_set_client = utf8mb4 */;
CREATE TABLE `communities_users` (
  `community_id` int unsigned NOT NULL COMMENT '?????? ?? ??????',
  `user_id` int unsigned NOT NULL COMMENT '?????? ?? ????????????',
  `created_at` datetime DEFAULT CURRENT_TIMESTAMP COMMENT '????? ???????? ??????',
  PRIMARY KEY (`community_id`,`user_id`) COMMENT '????????? ????????? ????',
  KEY `communities_users_user_id_fk` (`user_id`),
  CONSTRAINT `communities_users_community_id_fk` FOREIGN KEY (`community_id`) REFERENCES `communities` (`id`),
  CONSTRAINT `communities_users_user_id_fk` FOREIGN KEY (`user_id`) REFERENCES `users` (`id`) ON DELETE CASCADE
) ENGINE=InnoDB DEFAULT CHARSET=utf8mb4 COLLATE=utf8mb4_unicode_ci COMMENT='????????? ?????, ????? ????? ?????????????? ? ????????';
/*!40101 SET character_set_client = @saved_cs_client */;

--
-- Dumping data for table `communities_users`
--

LOCK TABLES `communities_users` WRITE;
/*!40000 ALTER TABLE `communities_users` DISABLE KEYS */;
INSERT INTO `communities_users` VALUES (1,1,'2018-10-14 06:12:42'),(1,11,'2019-03-08 07:09:34'),(1,21,'2019-05-27 04:02:04'),(1,31,'2017-08-25 22:29:19'),(1,41,'2021-02-19 00:29:28'),(1,51,'2011-05-19 07:48:50'),(1,61,'2019-11-04 15:52:07'),(1,71,'2013-05-15 15:42:55'),(1,81,'2019-07-02 21:59:52'),(1,91,'2011-08-26 09:42:36'),(2,2,'2016-05-10 19:03:32'),(2,12,'2016-12-31 13:29:35'),(2,22,'2020-09-22 23:47:02'),(2,32,'2011-11-11 01:08:55'),(2,42,'2018-07-27 06:11:29'),(2,52,'2015-08-22 11:09:25'),(2,62,'2016-03-10 06:53:05'),(2,72,'2013-06-16 08:21:52'),(2,82,'2019-01-08 19:54:40'),(2,92,'2018-04-06 10:07:18'),(3,3,'2019-05-31 05:59:56'),(3,13,'2020-12-15 01:21:41'),(3,23,'2021-01-21 06:10:27'),(3,33,'2019-05-23 11:50:33'),(3,43,'2015-03-08 00:22:52'),(3,53,'2011-10-05 22:28:50'),(3,63,'2021-04-21 01:02:32'),(3,73,'2016-07-28 05:06:48'),(3,83,'2017-09-16 18:21:04'),(3,93,'2014-08-26 04:51:49'),(4,4,'2020-07-27 10:53:55'),(4,14,'2017-02-16 08:51:56'),(4,24,'2012-08-05 19:59:37'),(4,34,'2014-04-21 04:48:33'),(4,44,'2013-02-05 15:53:07'),(4,54,'2020-03-11 20:11:22'),(4,64,'2018-08-07 10:20:53'),(4,74,'2016-07-02 20:25:01'),(4,84,'2015-07-09 11:46:10'),(4,94,'2017-10-18 13:57:06'),(5,5,'2019-02-09 05:35:05'),(5,15,'2018-04-05 21:23:21'),(5,25,'2016-08-14 10:12:06'),(5,35,'2013-12-23 07:16:49'),(5,45,'2011-05-13 08:34:45'),(5,55,'2014-04-15 22:36:39'),(5,65,'2017-07-17 05:16:38'),(5,75,'2012-03-11 23:50:35'),(5,85,'2021-01-02 18:11:43'),(5,95,'2018-08-10 07:24:08'),(6,6,'2016-08-14 13:54:43'),(6,16,'2017-04-03 18:23:03'),(6,26,'2012-02-07 20:52:47'),(6,36,'2016-04-24 15:37:00'),(6,46,'2016-04-09 02:22:33'),(6,56,'2013-09-14 14:04:29'),(6,66,'2017-09-05 22:36:55'),(6,76,'2015-12-27 17:36:41'),(6,86,'2014-11-10 17:20:32'),(6,96,'2013-10-23 16:39:29'),(7,7,'2014-12-26 18:02:56'),(7,17,'2019-09-14 00:17:10'),(7,27,'2018-07-03 01:32:17'),(7,37,'2014-04-10 04:01:25'),(7,47,'2014-11-20 06:08:01'),(7,57,'2015-01-26 02:16:37'),(7,67,'2020-01-28 06:34:31'),(7,77,'2020-09-13 19:48:24'),(7,87,'2012-10-17 06:20:50'),(7,97,'2011-10-07 20:58:37'),(8,8,'2019-08-29 15:01:51'),(8,18,'2016-04-05 12:26:49'),(8,28,'2019-08-04 04:12:14'),(8,38,'2019-11-04 02:17:11'),(8,48,'2019-03-31 20:37:34'),(8,58,'2014-11-07 00:52:17'),(8,68,'2017-01-10 22:01:25'),(8,78,'2020-11-26 07:09:47'),(8,88,'2016-07-29 04:08:38'),(8,98,'2011-11-19 03:07:34'),(9,9,'2015-11-27 20:27:18'),(9,19,'2015-03-02 21:50:45'),(9,29,'2018-10-05 09:04:20'),(9,39,'2017-03-07 01:14:53'),(9,49,'2015-08-24 07:34:21'),(9,59,'2013-02-27 11:36:21'),(9,69,'2019-10-11 10:26:30'),(9,79,'2014-03-08 20:17:43'),(9,89,'2016-09-05 01:32:37'),(9,99,'2019-04-20 20:31:36'),(10,10,'2017-08-06 15:47:11'),(10,20,'2011-10-15 03:07:57'),(10,30,'2019-11-22 07:05:59'),(10,40,'2021-03-09 14:21:17'),(10,50,'2012-06-28 12:26:59'),(10,60,'2018-05-25 17:18:13'),(10,70,'2013-04-02 03:34:36'),(10,80,'2018-02-07 18:04:30'),(10,90,'2013-03-04 22:13:11'),(10,100,'2011-09-09 11:16:31');
/*!40000 ALTER TABLE `communities_users` ENABLE KEYS */;
UNLOCK TABLES;

--
-- Table structure for table `countries`
--

DROP TABLE IF EXISTS `countries`;
/*!40101 SET @saved_cs_client     = @@character_set_client */;
/*!50503 SET character_set_client = utf8mb4 */;
CREATE TABLE `countries` (
  `id` int unsigned NOT NULL AUTO_INCREMENT,
  `name` varchar(150) COLLATE utf8mb4_unicode_ci NOT NULL,
  PRIMARY KEY (`id`),
  UNIQUE KEY `name` (`name`)
) ENGINE=InnoDB AUTO_INCREMENT=101 DEFAULT CHARSET=utf8mb4 COLLATE=utf8mb4_unicode_ci;
/*!40101 SET character_set_client = @saved_cs_client */;

--
-- Dumping data for table `countries`
--

LOCK TABLES `countries` WRITE;
/*!40000 ALTER TABLE `countries` DISABLE KEYS */;
INSERT INTO `countries` VALUES (88,'Africa'),(90,'Andorra'),(84,'Antarctica (the territory South of 60 deg S)'),(74,'Austarlia'),(11,'Austria'),(23,'Azerbaijan'),(32,'Barbados'),(63,'Belarus'),(55,'Bouvet Island (Bouvetoya)'),(53,'Bulgaria'),(4,'Cameroon'),(54,'Canada'),(24,'Cape Verde'),(66,'Chile'),(51,'Cocos (Keeling) Islands'),(20,'Columbia'),(7,'Costa Rica'),(80,'Cote d\'Ivoire'),(15,'Cyprus'),(95,'Dominica'),(5,'Ecuador'),(98,'Ephiopia'),(19,'Equatorial Guinea'),(31,'French Southern Territories'),(38,'Gambia'),(35,'Gana'),(81,'Georgia'),(99,'Germany'),(85,'Greece'),(49,'Guadeloupe'),(3,'Guatemala'),(83,'Guinea'),(36,'Guinea-Bissau'),(93,'Guyana'),(71,'Haiti'),(59,'Heard Island and McDonald Islands'),(62,'Holy See (Vatican City State)'),(100,'Honduras'),(17,'Hong Kong'),(10,'Hungary'),(57,'Iceland'),(27,'Ireland'),(8,'Israel'),(13,'Italy'),(58,'Jamaica'),(2,'Japan'),(39,'Kazachistan'),(26,'Kenya'),(70,'Korea'),(94,'Kyrgyz Republic'),(76,'Liechtenstein'),(78,'Luxsimbourg'),(97,'Madagascar'),(18,'Malaysia'),(37,'Martinique'),(72,'Mayotte'),(28,'Mexico'),(14,'Monaco'),(79,'Morocco'),(48,'New Caledonia'),(69,'New Zealand'),(56,'Nigeria'),(64,'Niue'),(6,'Norfolk Island'),(67,'Oman'),(42,'Palau'),(1,'Papua New Guinea'),(12,'Pitcairn Islands'),(75,'Portugal'),(86,'Reunion'),(9,'Romania'),(77,'Russian Federation'),(60,'Rwanda'),(45,'Saint Kitts and Nevis'),(65,'Saint Pierre and Miquelon'),(29,'Samoa'),(89,'Sao Tome and Principe'),(46,'Serbia'),(34,'Seychelles'),(33,'Slovenia'),(92,'Solomon Islands'),(50,'South Georgia and the South Sandwich Islands'),(52,'Spain'),(16,'Suriname'),(30,'Sweden'),(91,'Switzerland'),(44,'Taiwan'),(82,'Tajikistan'),(21,'Tonga'),(41,'Trinidad and Tobago'),(22,'Turkey'),(25,'Uganda'),(68,'Ukraine'),(73,'United States of America'),(40,'United States Virgin Islands'),(61,'Uruguay'),(43,'Uzbekistan'),(96,'Yemen'),(47,'Zambia'),(87,'Zimbabwe');
/*!40000 ALTER TABLE `countries` ENABLE KEYS */;
UNLOCK TABLES;

--
-- Table structure for table `friendship`
--

DROP TABLE IF EXISTS `friendship`;
/*!40101 SET @saved_cs_client     = @@character_set_client */;
/*!50503 SET character_set_client = utf8mb4 */;
CREATE TABLE `friendship` (
  `user_id` int unsigned NOT NULL COMMENT '?????? ?? ?????????? ????????? ?????????',
  `friend_id` int unsigned NOT NULL COMMENT '?????? ?? ?????????? ??????????? ???????',
  `friendship_status_id` int unsigned NOT NULL COMMENT '?????? ?? ?????? (??????? ?????????) ?????????',
  `confirmed_at` datetime DEFAULT NULL COMMENT '????? ????????????? ???????????',
  `created_at` datetime DEFAULT CURRENT_TIMESTAMP COMMENT '????? ???????? ??????',
  `updated_at` datetime DEFAULT CURRENT_TIMESTAMP ON UPDATE CURRENT_TIMESTAMP COMMENT '????? ?????????? ??????',
  PRIMARY KEY (`user_id`,`friend_id`) COMMENT '????????? ????????? ????',
  KEY `friendship_friend_id_fk` (`friend_id`),
  KEY `friendship_friendship_status_id_fk` (`friendship_status_id`),
  CONSTRAINT `friendship_friend_id_fk` FOREIGN KEY (`friend_id`) REFERENCES `users` (`id`) ON DELETE CASCADE,
  CONSTRAINT `friendship_friendship_status_id_fk` FOREIGN KEY (`friendship_status_id`) REFERENCES `friendship_statuses` (`id`),
  CONSTRAINT `friendship_user_id_fk` FOREIGN KEY (`user_id`) REFERENCES `users` (`id`) ON DELETE CASCADE
) ENGINE=InnoDB DEFAULT CHARSET=utf8mb4 COLLATE=utf8mb4_unicode_ci COMMENT='??????? ??????';
/*!40101 SET character_set_client = @saved_cs_client */;

--
-- Dumping data for table `friendship`
--

LOCK TABLES `friendship` WRITE;
/*!40000 ALTER TABLE `friendship` DISABLE KEYS */;
INSERT INTO `friendship` VALUES (1,72,3,'2013-10-17 08:19:51','2016-10-14 16:03:14','2021-05-02 20:53:15'),(2,35,2,'2019-05-18 02:58:45','2016-01-03 13:03:40','2021-05-02 20:53:15'),(3,4,1,'2012-01-08 09:14:50','2019-04-19 21:14:50','2021-05-02 20:53:15'),(3,21,1,'2015-06-05 13:38:49','2020-11-27 05:01:41','2021-05-02 20:53:15'),(3,100,3,'2015-11-30 06:19:04','2013-01-12 06:11:51','2021-05-02 20:53:15'),(4,72,3,'2017-04-02 10:08:45','2018-01-12 18:52:31','2021-05-02 20:53:15'),(5,66,1,'2012-10-31 01:20:11','2014-07-19 23:30:32','2021-05-02 20:53:15'),(6,22,3,'2020-03-11 21:24:21','2019-04-07 11:05:49','2021-05-02 20:53:15'),(8,11,1,'2012-05-22 12:35:47','2020-03-31 05:52:00','2021-05-02 20:53:15'),(8,18,2,'2013-06-06 13:50:02','2011-06-08 14:03:21','2021-05-02 20:53:15'),(8,19,1,'2015-07-17 10:31:50','2012-01-15 06:04:42','2021-05-02 20:53:15'),(9,34,1,'2014-08-25 09:28:10','2016-04-12 23:39:51','2021-05-02 20:53:15'),(10,83,1,'2016-12-08 11:50:07','2021-01-15 11:06:59','2021-05-02 20:53:15'),(11,50,2,'2012-09-03 01:35:21','2017-08-15 10:25:06','2021-05-02 20:53:15'),(12,3,2,'2020-10-02 06:06:13','2011-08-03 19:36:44','2021-05-02 20:53:15'),(12,7,2,'2015-04-16 23:08:35','2011-06-19 20:59:28','2021-05-02 20:53:15'),(12,64,1,'2018-11-01 05:57:35','2018-01-27 13:37:24','2021-05-02 20:53:15'),(12,94,3,'2014-10-01 12:31:09','2016-10-27 04:15:37','2021-05-02 20:53:15'),(13,60,2,'2020-07-29 14:35:33','2013-08-06 15:36:17','2021-05-02 20:53:15'),(14,94,1,'2014-04-29 02:23:00','2019-12-26 16:56:39','2021-05-02 20:53:15'),(15,38,3,'2012-03-24 05:15:33','2019-10-14 22:44:25','2021-05-02 20:53:15'),(15,78,1,'2013-09-16 09:23:41','2020-01-27 12:07:45','2021-05-02 20:53:15'),(17,54,2,'2013-04-13 04:41:10','2012-12-18 04:54:05','2021-05-02 20:53:15'),(18,35,1,'2020-02-22 13:34:57','2016-07-02 05:50:51','2021-05-02 20:53:15'),(18,37,1,'2013-12-06 13:07:31','2013-04-05 21:36:58','2021-05-02 20:53:15'),(19,31,3,'2018-05-03 21:49:09','2017-12-22 14:35:40','2021-05-02 20:53:15'),(23,9,2,'2015-12-20 18:20:18','2012-04-24 12:21:46','2021-05-02 20:53:15'),(26,58,3,'2012-05-24 01:04:03','2016-12-22 17:57:20','2021-05-02 20:53:15'),(27,32,1,'2012-11-20 18:05:34','2013-03-09 10:47:15','2021-05-02 20:53:15'),(29,30,1,'2015-11-20 19:36:10','2014-07-24 09:36:17','2021-05-02 20:53:15'),(29,36,3,'2016-08-18 09:51:23','2011-10-02 16:29:33','2021-05-02 20:53:15'),(29,64,3,'2017-06-25 05:23:06','2020-06-30 21:55:59','2021-05-02 20:53:15'),(29,95,1,'2021-02-16 05:46:50','2019-03-01 05:19:33','2021-05-02 20:53:15'),(30,59,2,'2015-02-09 13:46:17','2020-10-25 02:19:35','2021-05-02 20:53:15'),(31,21,2,'2020-06-01 11:50:29','2012-02-03 15:33:56','2021-05-02 20:53:15'),(32,68,3,'2019-12-06 03:49:55','2015-08-20 19:20:45','2021-05-02 20:53:15'),(32,87,3,'2019-04-23 09:32:32','2014-07-15 14:38:25','2021-05-02 20:53:15'),(34,72,1,'2018-11-02 04:22:17','2019-04-06 20:56:15','2021-05-02 20:53:15'),(35,93,2,'2013-03-25 13:49:37','2012-11-12 06:13:13','2021-05-02 20:53:15'),(37,21,1,'2011-10-15 20:47:18','2013-01-15 23:57:29','2021-05-02 20:53:15'),(39,2,3,'2014-03-21 08:13:03','2021-02-02 14:43:38','2021-05-02 20:53:15'),(39,54,3,'2016-04-15 15:25:50','2012-08-01 08:01:56','2021-05-02 20:53:15'),(40,35,1,'2012-09-01 01:54:59','2015-11-06 21:40:44','2021-05-02 20:53:15'),(42,6,2,'2019-09-12 02:51:18','2013-12-14 05:33:18','2021-05-02 20:53:15'),(42,7,1,'2013-01-29 02:52:56','2012-09-26 21:21:54','2021-05-02 20:53:15'),(42,74,1,'2014-06-11 18:56:47','2019-04-25 12:09:53','2021-05-02 20:53:15'),(43,3,3,'2012-11-28 23:54:51','2018-04-06 00:45:53','2021-05-02 20:53:15'),(45,11,3,'2018-05-25 02:19:14','2019-02-25 00:58:02','2021-05-02 20:53:15'),(45,17,3,'2012-10-05 05:27:15','2016-11-02 17:17:26','2021-05-02 20:53:15'),(46,8,3,'2016-05-07 20:10:30','2015-11-18 06:25:08','2021-05-02 20:53:15'),(48,50,3,'2020-07-02 23:11:41','2014-12-13 00:35:49','2021-05-02 20:53:15'),(49,70,2,'2016-11-07 23:04:03','2013-09-04 22:14:40','2021-05-02 20:53:15'),(52,56,1,'2011-12-04 21:07:44','2018-07-11 06:58:40','2021-05-02 20:53:15'),(53,11,1,'2015-05-13 00:37:36','2018-11-08 02:57:50','2021-05-02 20:53:15'),(54,8,1,'2018-12-01 15:05:47','2016-05-29 19:52:33','2021-05-02 20:53:15'),(56,73,1,'2016-05-02 03:40:37','2013-10-28 17:14:19','2021-05-02 20:53:15'),(57,34,2,'2014-12-25 20:09:52','2017-12-24 09:13:42','2021-05-02 20:53:15'),(57,69,3,'2012-04-07 21:36:55','2016-12-18 01:35:45','2021-05-02 20:53:15'),(58,10,3,'2012-01-05 04:41:17','2017-10-15 10:24:51','2021-05-02 20:53:15'),(58,17,2,'2017-11-19 01:01:57','2014-05-23 17:54:05','2021-05-02 20:53:15'),(58,77,3,'2012-11-12 04:30:16','2014-11-11 05:33:49','2021-05-02 20:53:15'),(59,78,1,'2018-07-06 16:57:13','2018-05-21 17:29:10','2021-05-02 20:53:15'),(60,18,1,'2020-02-12 04:05:23','2016-11-10 06:10:19','2021-05-02 20:53:15'),(63,24,1,'2017-02-27 05:08:27','2015-12-30 11:30:58','2021-05-02 20:53:15'),(64,40,2,'2016-05-14 09:29:31','2017-07-29 21:21:18','2021-05-02 20:53:15'),(66,87,2,'2015-06-25 17:48:18','2011-06-22 17:31:05','2021-05-02 20:53:15'),(67,30,3,'2014-08-20 15:56:16','2018-11-30 18:20:24','2021-05-02 20:53:15'),(68,85,3,'2013-04-28 21:01:01','2019-03-09 16:51:27','2021-05-02 20:53:15'),(69,39,3,'2014-05-22 11:25:51','2019-12-20 17:32:32','2021-05-02 20:53:15'),(70,92,3,'2019-01-22 05:56:47','2017-06-11 22:11:35','2021-05-02 20:53:15'),(73,31,2,'2018-07-03 13:26:21','2015-09-06 13:45:58','2021-05-02 20:53:15'),(73,60,1,'2013-01-26 21:55:22','2014-07-11 13:34:29','2021-05-02 20:53:15'),(75,13,2,'2019-01-04 00:48:28','2016-04-01 14:08:46','2021-05-02 20:53:15'),(77,5,1,'2012-08-12 14:27:13','2016-10-14 06:44:27','2021-05-02 20:53:15'),(77,88,3,'2019-04-22 15:48:29','2015-08-12 23:06:06','2021-05-02 20:53:15'),(78,60,3,'2020-02-23 09:53:49','2012-12-23 02:07:24','2021-05-02 20:53:15'),(79,69,2,'2012-10-08 15:33:50','2011-12-02 19:46:40','2021-05-02 20:53:15'),(81,97,3,'2013-06-07 22:59:36','2019-01-27 09:44:21','2021-05-02 20:53:15'),(84,11,3,'2014-09-17 11:04:49','2019-03-12 18:43:00','2021-05-02 20:53:15'),(85,10,1,'2012-11-15 22:02:17','2017-09-29 19:22:41','2021-05-02 20:53:15'),(85,32,3,'2012-08-22 16:53:09','2015-05-18 23:21:31','2021-05-02 20:53:15'),(86,98,2,'2020-06-20 02:09:17','2014-11-22 15:09:14','2021-05-02 20:53:15'),(87,35,3,'2012-01-19 07:33:39','2013-04-15 01:15:52','2021-05-02 20:53:15'),(87,84,1,'2015-11-05 05:44:29','2015-11-18 12:37:02','2021-05-02 20:53:15'),(88,39,3,'2012-06-24 11:49:18','2015-01-21 07:31:26','2021-05-02 20:53:15'),(91,48,3,'2012-03-03 10:35:50','2018-01-15 02:11:28','2021-05-02 20:53:15'),(91,68,1,'2016-05-20 19:36:45','2012-07-18 22:55:16','2021-05-02 20:53:15'),(93,1,3,'2015-09-20 10:55:30','2013-07-03 10:22:22','2021-05-02 20:53:15'),(93,33,2,'2012-07-31 13:51:57','2013-11-17 11:05:53','2021-05-02 20:53:15'),(93,98,1,'2019-08-12 00:59:23','2015-04-25 10:07:42','2021-05-02 20:53:15'),(94,56,3,'2019-08-16 06:10:07','2017-08-14 04:23:16','2021-05-02 20:53:15'),(95,12,2,'2020-01-29 02:40:44','2012-06-08 01:35:46','2021-05-02 20:53:15'),(95,67,3,'2013-08-10 05:00:44','2013-12-29 05:40:22','2021-05-02 20:53:15'),(98,20,3,'2015-09-27 21:10:12','2013-01-22 00:39:13','2021-05-02 20:53:15'),(98,54,3,'2011-11-30 01:40:27','2016-11-20 16:27:47','2021-05-02 20:53:15'),(98,67,1,'2012-07-13 18:46:03','2016-10-14 01:58:39','2021-05-02 20:53:15'),(99,2,2,'2020-12-11 21:56:12','2016-03-06 22:40:26','2021-05-02 20:53:15'),(99,71,3,'2013-09-08 14:53:54','2017-03-03 12:23:05','2021-05-02 20:53:15'),(99,91,3,'2018-02-28 11:57:38','2012-04-04 18:54:56','2021-05-02 20:53:15'),(100,77,3,'2013-12-27 02:36:26','2013-02-09 10:13:42','2021-05-02 20:53:15');
/*!40000 ALTER TABLE `friendship` ENABLE KEYS */;
UNLOCK TABLES;

--
-- Table structure for table `friendship_statuses`
--

DROP TABLE IF EXISTS `friendship_statuses`;
/*!40101 SET @saved_cs_client     = @@character_set_client */;
/*!50503 SET character_set_client = utf8mb4 */;
CREATE TABLE `friendship_statuses` (
  `id` int unsigned NOT NULL AUTO_INCREMENT COMMENT '????????????? ??????',
  `name` varchar(150) CHARACTER SET utf8mb4 COLLATE utf8mb4_unicode_ci NOT NULL COMMENT '???????? ???????',
  `created_at` datetime DEFAULT CURRENT_TIMESTAMP COMMENT '????? ???????? ??????',
  `updated_at` datetime DEFAULT CURRENT_TIMESTAMP ON UPDATE CURRENT_TIMESTAMP COMMENT '????? ?????????? ??????',
  PRIMARY KEY (`id`),
  UNIQUE KEY `name` (`name`)
) ENGINE=InnoDB AUTO_INCREMENT=4 DEFAULT CHARSET=utf8mb4 COLLATE=utf8mb4_unicode_ci COMMENT='??????? ??????';
/*!40101 SET character_set_client = @saved_cs_client */;

--
-- Dumping data for table `friendship_statuses`
--

LOCK TABLES `friendship_statuses` WRITE;
/*!40000 ALTER TABLE `friendship_statuses` DISABLE KEYS */;
INSERT INTO `friendship_statuses` VALUES (1,'Requested','2021-05-02 20:52:50','2021-05-02 20:52:50'),(2,'Confirmed','2021-05-02 20:52:50','2021-05-02 20:52:50'),(3,'Rejected','2021-05-02 20:52:50','2021-05-02 20:52:50');
/*!40000 ALTER TABLE `friendship_statuses` ENABLE KEYS */;
UNLOCK TABLES;

--
-- Table structure for table `likes`
--

DROP TABLE IF EXISTS `likes`;
/*!40101 SET @saved_cs_client     = @@character_set_client */;
/*!50503 SET character_set_client = utf8mb4 */;
CREATE TABLE `likes` (
  `id` int unsigned NOT NULL AUTO_INCREMENT,
  `user_id` int unsigned NOT NULL,
  `target_id` int unsigned NOT NULL,
  `target_type` enum('messages','users','posts','media') NOT NULL,
  `created_at` datetime DEFAULT CURRENT_TIMESTAMP,
  PRIMARY KEY (`id`),
  KEY `likes_user_id_fk` (`user_id`),
  CONSTRAINT `likes_user_id_fk` FOREIGN KEY (`user_id`) REFERENCES `users` (`id`) ON DELETE CASCADE
) ENGINE=InnoDB AUTO_INCREMENT=101 DEFAULT CHARSET=utf8mb4 COLLATE=utf8mb4_0900_ai_ci;
/*!40101 SET character_set_client = @saved_cs_client */;

--
-- Dumping data for table `likes`
--

LOCK TABLES `likes` WRITE;
/*!40000 ALTER TABLE `likes` DISABLE KEYS */;
INSERT INTO `likes` VALUES (1,10,44,'messages','2021-05-10 12:40:41'),(2,74,6,'media','2021-05-10 12:40:41'),(3,14,99,'media','2021-05-10 12:40:41'),(4,93,77,'posts','2021-05-10 12:40:41'),(5,11,40,'messages','2021-05-10 12:40:41'),(6,72,15,'users','2021-05-10 12:40:41'),(7,84,82,'messages','2021-05-10 12:40:41'),(8,51,74,'media','2021-05-10 12:40:41'),(9,99,1,'users','2021-05-10 12:40:41'),(10,6,6,'users','2021-05-10 12:40:41'),(11,98,73,'users','2021-05-10 12:40:41'),(12,54,44,'users','2021-05-10 12:40:41'),(13,63,66,'messages','2021-05-10 12:40:41'),(14,50,45,'posts','2021-05-10 12:40:41'),(15,6,37,'messages','2021-05-10 12:40:41'),(16,47,70,'media','2021-05-10 12:40:41'),(17,60,3,'users','2021-05-10 12:40:41'),(18,52,30,'posts','2021-05-10 12:40:41'),(19,87,10,'messages','2021-05-10 12:40:41'),(20,78,65,'posts','2021-05-10 12:40:41'),(21,91,43,'users','2021-05-10 12:40:41'),(22,55,13,'users','2021-05-10 12:40:41'),(23,45,89,'media','2021-05-10 12:40:41'),(24,37,95,'messages','2021-05-10 12:40:41'),(25,86,81,'media','2021-05-10 12:40:41'),(26,90,24,'users','2021-05-10 12:40:41'),(27,56,47,'users','2021-05-10 12:40:41'),(28,24,93,'users','2021-05-10 12:40:41'),(29,50,56,'media','2021-05-10 12:40:41'),(30,93,91,'messages','2021-05-10 12:40:41'),(31,88,71,'posts','2021-05-10 12:40:41'),(32,76,15,'posts','2021-05-10 12:40:41'),(33,18,7,'posts','2021-05-10 12:40:41'),(34,60,91,'users','2021-05-10 12:40:41'),(35,15,11,'users','2021-05-10 12:40:41'),(36,78,69,'media','2021-05-10 12:40:41'),(37,3,40,'posts','2021-05-10 12:40:41'),(38,8,61,'messages','2021-05-10 12:40:41'),(39,69,70,'messages','2021-05-10 12:40:41'),(40,72,77,'users','2021-05-10 12:40:41'),(41,7,24,'messages','2021-05-10 12:40:41'),(42,60,89,'posts','2021-05-10 12:40:41'),(43,57,22,'users','2021-05-10 12:40:41'),(44,39,56,'posts','2021-05-10 12:40:41'),(45,77,14,'users','2021-05-10 12:40:41'),(46,32,19,'messages','2021-05-10 12:40:41'),(47,92,23,'users','2021-05-10 12:40:41'),(48,58,82,'media','2021-05-10 12:40:41'),(49,14,54,'users','2021-05-10 12:40:41'),(50,25,13,'messages','2021-05-10 12:40:41'),(51,65,65,'users','2021-05-10 12:40:41'),(52,65,18,'messages','2021-05-10 12:40:41'),(53,44,75,'users','2021-05-10 12:40:41'),(54,83,77,'media','2021-05-10 12:40:41'),(55,39,66,'users','2021-05-10 12:40:41'),(56,50,34,'posts','2021-05-10 12:40:41'),(57,90,58,'media','2021-05-10 12:40:41'),(58,8,72,'users','2021-05-10 12:40:41'),(59,11,34,'media','2021-05-10 12:40:41'),(60,51,41,'messages','2021-05-10 12:40:41'),(61,38,11,'media','2021-05-10 12:40:41'),(62,45,14,'messages','2021-05-10 12:40:41'),(63,10,97,'users','2021-05-10 12:40:41'),(64,6,27,'media','2021-05-10 12:40:41'),(65,61,22,'media','2021-05-10 12:40:41'),(66,61,42,'messages','2021-05-10 12:40:41'),(67,38,52,'media','2021-05-10 12:40:41'),(68,53,67,'posts','2021-05-10 12:40:41'),(69,15,28,'users','2021-05-10 12:40:41'),(70,74,88,'posts','2021-05-10 12:40:41'),(71,62,68,'users','2021-05-10 12:40:41'),(72,12,75,'media','2021-05-10 12:40:41'),(73,15,3,'messages','2021-05-10 12:40:41'),(74,23,73,'messages','2021-05-10 12:40:41'),(75,78,66,'posts','2021-05-10 12:40:41'),(76,14,24,'messages','2021-05-10 12:40:41'),(77,85,40,'users','2021-05-10 12:40:41'),(78,61,99,'media','2021-05-10 12:40:41'),(79,34,21,'messages','2021-05-10 12:40:41'),(80,71,4,'media','2021-05-10 12:40:41'),(81,43,44,'messages','2021-05-10 12:40:41'),(82,43,93,'users','2021-05-10 12:40:41'),(83,83,34,'media','2021-05-10 12:40:41'),(84,1,30,'posts','2021-05-10 12:40:41'),(85,52,65,'posts','2021-05-10 12:40:41'),(86,83,45,'posts','2021-05-10 12:40:41'),(87,23,12,'messages','2021-05-10 12:40:41'),(88,30,44,'messages','2021-05-10 12:40:41'),(89,76,34,'users','2021-05-10 12:40:41'),(90,83,91,'media','2021-05-10 12:40:41'),(91,27,75,'users','2021-05-10 12:40:41'),(92,32,7,'media','2021-05-10 12:40:41'),(93,5,60,'users','2021-05-10 12:40:41'),(94,26,63,'users','2021-05-10 12:40:41'),(95,8,33,'messages','2021-05-10 12:40:41'),(96,64,97,'posts','2021-05-10 12:40:41'),(97,18,30,'messages','2021-05-10 12:40:41'),(98,44,49,'messages','2021-05-10 12:40:41'),(99,80,93,'media','2021-05-10 12:40:41'),(100,64,6,'posts','2021-05-10 12:40:41');
/*!40000 ALTER TABLE `likes` ENABLE KEYS */;
UNLOCK TABLES;

--
-- Table structure for table `media`
--

DROP TABLE IF EXISTS `media`;
/*!40101 SET @saved_cs_client     = @@character_set_client */;
/*!50503 SET character_set_client = utf8mb4 */;
CREATE TABLE `media` (
  `id` int unsigned NOT NULL AUTO_INCREMENT COMMENT '????????????? ??????',
  `user_id` int unsigned NOT NULL COMMENT '?????? ?? ????????????, ??????? ???????? ????',
  `filename` varchar(255) CHARACTER SET utf8mb4 COLLATE utf8mb4_unicode_ci NOT NULL COMMENT '???? ? ?????',
  `size` int NOT NULL COMMENT '?????? ?????',
  `metadata` json DEFAULT NULL,
  `media_type_id` int unsigned NOT NULL COMMENT '?????? ?? ??? ????????',
  `created_at` datetime DEFAULT CURRENT_TIMESTAMP COMMENT '????? ???????? ??????',
  `updated_at` datetime DEFAULT CURRENT_TIMESTAMP ON UPDATE CURRENT_TIMESTAMP COMMENT '????? ?????????? ??????',
  PRIMARY KEY (`id`),
  KEY `media_user_id_fk` (`user_id`),
  KEY `media_media_type_id_fk` (`media_type_id`),
  CONSTRAINT `media_media_type_id_fk` FOREIGN KEY (`media_type_id`) REFERENCES `media_types` (`id`),
  CONSTRAINT `media_user_id_fk` FOREIGN KEY (`user_id`) REFERENCES `users` (`id`) ON DELETE CASCADE,
  CONSTRAINT `media_chk_1` CHECK (json_valid(`metadata`))
) ENGINE=InnoDB AUTO_INCREMENT=101 DEFAULT CHARSET=utf8mb4 COLLATE=utf8mb4_unicode_ci COMMENT='??????????';
/*!40101 SET character_set_client = @saved_cs_client */;

--
-- Dumping data for table `media`
--

LOCK TABLES `media` WRITE;
/*!40000 ALTER TABLE `media` DISABLE KEYS */;
INSERT INTO `media` VALUES (1,34,'http://dropbox.net/vk/application/pkixcmp',6025359,'{\"owner\": \"Devin Prohaska\"}',3,'2019-03-07 17:52:57','2021-05-02 20:45:26'),(2,32,'http://dropbox.net/vk/text/x-uuencode',295248475,'{\"owner\": \"Jocelyn O\'Hara\"}',1,'2019-02-27 04:01:37','2021-05-02 20:45:26'),(3,59,'http://dropbox.net/vk/text/x-vcalendar',90086763,'{\"owner\": \"Rigoberto Sporer\"}',2,'2021-03-23 09:37:58','2021-05-02 20:45:26'),(4,95,'http://dropbox.net/vk/model/vnd.mts',61072712,'{\"owner\": \"Henri Bosco\"}',3,'2016-11-10 20:17:25','2021-05-02 20:45:26'),(5,1,'http://dropbox.net/vk/application/vnd.sun.xml.draw.template',35093275,'{\"owner\": \"Gretchen Bernier\"}',2,'2015-02-05 08:31:30','2021-05-02 20:45:26'),(6,16,'http://dropbox.net/vk/application/mods+xml',92238244,'{\"owner\": \"Sammie Little\"}',3,'2016-12-03 07:54:24','2021-05-02 20:45:26'),(7,78,'http://dropbox.net/vk/application/x-ms-xbap',7285231,'{\"owner\": \"Izabella Turcotte\"}',1,'2015-01-05 03:09:48','2021-05-02 20:45:26'),(8,39,'http://dropbox.net/vk/application/x-chess-pgn',9163803,'{\"owner\": \"Keshaun Kreiger\"}',1,'2012-10-21 11:10:30','2021-05-02 20:45:26'),(9,64,'http://dropbox.net/vk/image/vnd.dxf',90921089,'{\"owner\": \"Jade Hansen\"}',2,'2021-02-08 23:54:15','2021-05-02 20:45:26'),(10,99,'http://dropbox.net/vk/application/emma+xml',28132672,'{\"owner\": \"Piper Wiegand\"}',1,'2012-11-28 10:44:52','2021-05-02 20:45:26'),(11,5,'http://dropbox.net/vk/application/x-sv4cpio',55901398,'{\"owner\": \"Casimir Lind\"}',3,'2020-08-26 17:40:32','2021-05-02 20:45:26'),(12,29,'http://dropbox.net/vk/application/wspolicy+xml',2782260,'{\"owner\": \"Isaac Mertz\"}',1,'2014-06-18 07:31:33','2021-05-02 20:45:26'),(13,26,'http://dropbox.net/vk/application/vnd.dece.unspecified',48681,'{\"owner\": \"Mireya Abshire\"}',2,'2017-12-02 01:47:39','2021-05-02 20:45:26'),(14,46,'http://dropbox.net/vk/application/rtf',46197110,'{\"owner\": \"Kelley Kautzer\"}',3,'2019-02-11 05:36:21','2021-05-02 20:45:26'),(15,49,'http://dropbox.net/vk/application/vnd.openxmlformats-officedocument.presentationml.template',22628774,'{\"owner\": \"Abigail Effertz\"}',1,'2015-03-14 03:21:23','2021-05-02 20:45:26'),(16,5,'http://dropbox.net/vk/text/prs.lines.tag',74542545,'{\"owner\": \"Casimir Lind\"}',1,'2020-07-13 19:28:30','2021-05-02 20:45:26'),(17,79,'http://dropbox.net/vk/application/rss+xml',4816405,'{\"owner\": \"Marta Barrows\"}',2,'2018-12-17 15:09:09','2021-05-02 20:45:26'),(18,82,'http://dropbox.net/vk/audio/basic',2829498,'{\"owner\": \"Ernestina O\'Reilly\"}',1,'2012-02-27 15:02:03','2021-05-02 20:45:26'),(19,69,'http://dropbox.net/vk/application/vnd.rn-realmedia',59702878,'{\"owner\": \"Rafael Wiegand\"}',3,'2012-12-28 19:18:09','2021-05-02 20:45:26'),(20,100,'http://dropbox.net/vk/video/x-fli',863167,'{\"owner\": \"Marjolaine Anderson\"}',2,'2013-09-19 23:01:19','2021-05-02 20:45:26'),(21,94,'http://dropbox.net/vk/application/vnd.stepmania.stepchart',1586,'{\"owner\": \"Orlando Hickle\"}',2,'2019-09-15 08:57:49','2021-05-02 20:45:26'),(22,69,'http://dropbox.net/vk/video/vnd.dece.hd',444395,'{\"owner\": \"Rafael Wiegand\"}',1,'2012-12-13 19:51:32','2021-05-02 20:45:26'),(23,63,'http://dropbox.net/vk/application/xproc+xml',87762764,'{\"owner\": \"Caroline Price\"}',3,'2014-02-03 15:05:48','2021-05-02 20:45:26'),(24,7,'http://dropbox.net/vk/text/vnd.in3d.spot',37470636,'{\"owner\": \"Julie McDermott\"}',2,'2018-10-27 03:49:36','2021-05-02 20:45:26'),(25,46,'http://dropbox.net/vk/application/x-bittorrent',24054893,'{\"owner\": \"Kelley Kautzer\"}',3,'2013-09-11 11:41:27','2021-05-02 20:45:26'),(26,7,'http://dropbox.net/vk/application/vnd.dvb.ait',7852561,'{\"owner\": \"Julie McDermott\"}',1,'2013-12-27 23:19:04','2021-05-02 20:45:26'),(27,97,'http://dropbox.net/vk/application/vnd.ms-ims',40379,'{\"owner\": \"Adrianna Aufderhar\"}',1,'2019-12-14 09:44:09','2021-05-02 20:45:26'),(28,65,'http://dropbox.net/vk/image/x-cmu-raster',115666863,'{\"owner\": \"Jabari Hodkiewicz\"}',3,'2016-11-27 05:48:12','2021-05-02 20:45:26'),(29,32,'http://dropbox.net/vk/application/vnd.dece.ttml+xml',51570061,'{\"owner\": \"Jocelyn O\'Hara\"}',3,'2020-12-29 22:04:24','2021-05-02 20:45:26'),(30,64,'http://dropbox.net/vk/image/vnd.fujixerox.edmics-rlc',67088129,'{\"owner\": \"Jade Hansen\"}',3,'2013-11-21 22:57:36','2021-05-02 20:45:26'),(31,24,'http://dropbox.net/vk/video/h264',2448,'{\"owner\": \"Jerry Fisher\"}',3,'2018-12-16 13:40:42','2021-05-02 20:45:26'),(32,28,'http://dropbox.net/vk/image/ief',5814,'{\"owner\": \"Glenna Rippin\"}',3,'2011-08-16 13:28:44','2021-05-02 20:45:26'),(33,65,'http://dropbox.net/vk/application/x-tar',11872965,'{\"owner\": \"Jabari Hodkiewicz\"}',2,'2015-08-10 10:00:30','2021-05-02 20:45:26'),(34,43,'http://dropbox.net/vk/application/vnd.ms-works',58090442,'{\"owner\": \"Amie Franecki\"}',1,'2020-06-15 16:40:52','2021-05-02 20:45:26'),(35,18,'http://dropbox.net/vk/application/vnd.symbian.install',2675,'{\"owner\": \"Darby Schmidt\"}',2,'2014-06-07 17:56:28','2021-05-02 20:45:26'),(36,60,'http://dropbox.net/vk/application/vnd.kde.kchart',7261,'{\"owner\": \"Georgette Berge\"}',2,'2013-03-27 01:52:23','2021-05-02 20:45:26'),(37,47,'http://dropbox.net/vk/text/x-vcalendar',54823321,'{\"owner\": \"Kareem Kuphal\"}',3,'2016-03-12 12:59:33','2021-05-02 20:45:26'),(38,54,'http://dropbox.net/vk/application/vnd.realvnc.bed',289252954,'{\"owner\": \"Lacy Grant\"}',2,'2015-11-16 12:50:23','2021-05-02 20:45:26'),(39,27,'http://dropbox.net/vk/text/css',3705,'{\"owner\": \"Mikel Wisoky\"}',2,'2012-02-26 10:31:59','2021-05-02 20:45:26'),(40,73,'http://dropbox.net/vk/video/vnd.dece.pd',6660847,'{\"owner\": \"Ofelia Cole\"}',1,'2013-07-01 07:54:14','2021-05-02 20:45:26'),(41,86,'http://dropbox.net/vk/application/octet-stream',2079,'{\"owner\": \"Evalyn Moore\"}',1,'2019-11-16 12:16:18','2021-05-02 20:45:26'),(42,8,'http://dropbox.net/vk/audio/vnd.rip',925280,'{\"owner\": \"Kay Jacobs\"}',2,'2012-05-30 01:39:23','2021-05-02 20:45:26'),(43,80,'http://dropbox.net/vk/image/x-xwindowdump',678019,'{\"owner\": \"Hubert Runolfsson\"}',2,'2020-04-19 22:16:39','2021-05-02 20:45:26'),(44,77,'http://dropbox.net/vk/application/vnd.oasis.opendocument.graphics-template',99835279,'{\"owner\": \"Jermaine Hickle\"}',1,'2011-07-18 17:08:19','2021-05-02 20:45:26'),(45,46,'http://dropbox.net/vk/application/xspf+xml',34696437,'{\"owner\": \"Kelley Kautzer\"}',1,'2015-11-01 11:22:37','2021-05-02 20:45:26'),(46,99,'http://dropbox.net/vk/application/vnd.dece.data',73966353,'{\"owner\": \"Piper Wiegand\"}',1,'2011-07-17 08:27:16','2021-05-02 20:45:26'),(47,57,'http://dropbox.net/vk/image/vnd.fst',5828807,'{\"owner\": \"Taurean Sanford\"}',1,'2015-03-06 19:33:36','2021-05-02 20:45:26'),(48,85,'http://dropbox.net/vk/video/x-ms-wvx',5839,'{\"owner\": \"Daniella Bayer\"}',3,'2014-07-20 10:22:38','2021-05-02 20:45:26'),(49,55,'http://dropbox.net/vk/application/vnd.kodak-descriptor',65732456,'{\"owner\": \"Lizeth Osinski\"}',1,'2013-05-10 16:50:22','2021-05-02 20:45:26'),(50,20,'http://dropbox.net/vk/application/vnd.lotus-approach',6753227,'{\"owner\": \"Ed Kozey\"}',1,'2018-02-07 20:10:07','2021-05-02 20:45:26'),(51,32,'http://dropbox.net/vk/application/vnd.ds-keypoint',889926023,'{\"owner\": \"Jocelyn O\'Hara\"}',2,'2013-07-10 01:49:52','2021-05-02 20:45:26'),(52,2,'http://dropbox.net/vk/application/vnd.sun.xml.draw.template',36558768,'{\"owner\": \"Maximo Pagac\"}',2,'2014-04-16 12:58:05','2021-05-02 20:45:26'),(53,14,'http://dropbox.net/vk/application/x-latex',62524163,'{\"owner\": \"Winston Hermann\"}',3,'2016-10-22 16:25:02','2021-05-02 20:45:26'),(54,64,'http://dropbox.net/vk/application/vnd.ezpix-album',1273622,'{\"owner\": \"Jade Hansen\"}',2,'2011-08-24 08:58:16','2021-05-02 20:45:26'),(55,78,'http://dropbox.net/vk/image/vnd.fujixerox.edmics-mmr',2934516,'{\"owner\": \"Izabella Turcotte\"}',1,'2020-01-21 09:49:01','2021-05-02 20:45:26'),(56,98,'http://dropbox.net/vk/audio/x-wav',876472756,'{\"owner\": \"Birdie Ebert\"}',1,'2016-03-25 00:55:02','2021-05-02 20:45:26'),(57,55,'http://dropbox.net/vk/application/vnd.visio',27090094,'{\"owner\": \"Lizeth Osinski\"}',3,'2016-10-22 16:57:38','2021-05-02 20:45:26'),(58,81,'http://dropbox.net/vk/image/vnd.dxf',26636926,'{\"owner\": \"Hipolito Torp\"}',1,'2020-07-15 20:19:10','2021-05-02 20:45:26'),(59,39,'http://dropbox.net/vk/application/javascript',3786,'{\"owner\": \"Keshaun Kreiger\"}',2,'2019-11-26 12:29:25','2021-05-02 20:45:26'),(60,51,'http://dropbox.net/vk/application/x-rar-compressed',36471935,'{\"owner\": \"Johnathon Bode\"}',1,'2019-03-19 13:09:41','2021-05-02 20:45:26'),(61,38,'http://dropbox.net/vk/text/vnd.wap.wml',51904353,'{\"owner\": \"Ramiro Harvey\"}',2,'2019-10-05 21:52:46','2021-05-02 20:45:26'),(62,34,'http://dropbox.net/vk/application/vnd.ms-htmlhelp',92738,'{\"owner\": \"Devin Prohaska\"}',3,'2014-07-15 23:34:12','2021-05-02 20:45:26'),(63,59,'http://dropbox.net/vk/text/vnd.wap.wmlscript',79600990,'{\"owner\": \"Rigoberto Sporer\"}',3,'2017-01-23 10:35:20','2021-05-02 20:45:26'),(64,90,'http://dropbox.net/vk/video/vnd.ms-playready.media.pyv',42281894,'{\"owner\": \"Leanna Smitham\"}',3,'2019-06-07 19:13:19','2021-05-02 20:45:26'),(65,75,'http://dropbox.net/vk/application/ogg',23973642,'{\"owner\": \"Addie Deckow\"}',1,'2011-08-19 21:24:00','2021-05-02 20:45:26'),(66,5,'http://dropbox.net/vk/image/x-cmx',504670436,'{\"owner\": \"Casimir Lind\"}',2,'2017-02-05 06:28:30','2021-05-02 20:45:26'),(67,100,'http://dropbox.net/vk/application/pdf',72596503,'{\"owner\": \"Marjolaine Anderson\"}',1,'2014-06-08 09:12:11','2021-05-02 20:45:26'),(68,82,'http://dropbox.net/vk/application/vnd.lotus-1-2-3',73800,'{\"owner\": \"Ernestina O\'Reilly\"}',3,'2019-02-26 23:43:21','2021-05-02 20:45:26'),(69,10,'http://dropbox.net/vk/model/vrml',36126839,'{\"owner\": \"Bryana Marvin\"}',1,'2013-11-25 20:44:38','2021-05-02 20:45:26'),(70,6,'http://dropbox.net/vk/application/vnd.lotus-freelance',9575,'{\"owner\": \"Kraig Armstrong\"}',3,'2012-10-24 03:06:56','2021-05-02 20:45:26'),(71,98,'http://dropbox.net/vk/application/vnd.oasis.opendocument.spreadsheet-template',8219,'{\"owner\": \"Birdie Ebert\"}',2,'2016-09-23 06:01:49','2021-05-02 20:45:26'),(72,69,'http://dropbox.net/vk/application/x-msmediaview',62834687,'{\"owner\": \"Rafael Wiegand\"}',2,'2014-05-23 06:11:20','2021-05-02 20:45:26'),(73,54,'http://dropbox.net/vk/application/vnd.fluxtime.clip',5782921,'{\"owner\": \"Lacy Grant\"}',1,'2020-11-29 07:33:59','2021-05-02 20:45:26'),(74,61,'http://dropbox.net/vk/application/yin+xml',40400548,'{\"owner\": \"Reyna O\'Hara\"}',1,'2013-01-09 09:54:05','2021-05-02 20:45:26'),(75,43,'http://dropbox.net/vk/application/x-zmachine',6975081,'{\"owner\": \"Amie Franecki\"}',3,'2014-10-06 19:15:59','2021-05-02 20:45:26'),(76,33,'http://dropbox.net/vk/application/vnd.oma.dd2+xml',1100,'{\"owner\": \"Anika Orn\"}',2,'2014-11-17 02:01:02','2021-05-02 20:45:26'),(77,32,'http://dropbox.net/vk/application/x-director',49989,'{\"owner\": \"Jocelyn O\'Hara\"}',3,'2012-10-24 18:52:15','2021-05-02 20:45:26'),(78,64,'http://dropbox.net/vk/application/msword',84643981,'{\"owner\": \"Jade Hansen\"}',2,'2015-11-16 21:58:55','2021-05-02 20:45:26'),(79,22,'http://dropbox.net/vk/application/x-ms-wmd',666003,'{\"owner\": \"Jackeline Prohaska\"}',2,'2011-07-21 22:00:23','2021-05-02 20:45:26'),(80,19,'http://dropbox.net/vk/text/troff',2008263,'{\"owner\": \"Orion Mohr\"}',1,'2020-12-19 07:35:29','2021-05-02 20:45:26'),(81,26,'http://dropbox.net/vk/application/vnd.oasis.opendocument.text-web',56099377,'{\"owner\": \"Mireya Abshire\"}',3,'2019-05-10 03:35:21','2021-05-02 20:45:26'),(82,73,'http://dropbox.net/vk/application/vnd.mozilla.xul+xml',51131069,'{\"owner\": \"Ofelia Cole\"}',1,'2012-03-01 00:53:38','2021-05-02 20:45:26'),(83,89,'http://dropbox.net/vk/video/vnd.vivo',2624469,'{\"owner\": \"Gianni Rau\"}',2,'2017-04-17 22:05:35','2021-05-02 20:45:26'),(84,23,'http://dropbox.net/vk/image/vnd.wap.wbmp',74462098,'{\"owner\": \"Lucile Schuppe\"}',1,'2019-02-06 02:01:54','2021-05-02 20:45:26'),(85,49,'http://dropbox.net/vk/application/x-conference',4002363,'{\"owner\": \"Abigail Effertz\"}',2,'2020-03-05 06:52:16','2021-05-02 20:45:26'),(86,74,'http://dropbox.net/vk/application/vnd.fdsn.seed',649870,'{\"owner\": \"Chaz Terry\"}',3,'2017-07-05 07:08:29','2021-05-02 20:45:26'),(87,24,'http://dropbox.net/vk/application/zip',53574,'{\"owner\": \"Jerry Fisher\"}',1,'2020-01-24 09:14:22','2021-05-02 20:45:26'),(88,95,'http://dropbox.net/vk/model/vrml',715477386,'{\"owner\": \"Henri Bosco\"}',3,'2013-02-12 05:10:21','2021-05-02 20:45:26'),(89,6,'http://dropbox.net/vk/application/vnd.openxmlformats-officedocument.presentationml.template',96615526,'{\"owner\": \"Kraig Armstrong\"}',1,'2015-03-18 14:40:24','2021-05-02 20:45:26'),(90,43,'http://dropbox.net/vk/application/pdf',2190290,'{\"owner\": \"Amie Franecki\"}',2,'2013-01-03 14:23:41','2021-05-02 20:45:26'),(91,95,'http://dropbox.net/vk/application/xproc+xml',71060543,'{\"owner\": \"Henri Bosco\"}',3,'2011-08-09 21:52:58','2021-05-02 20:45:26'),(92,45,'http://dropbox.net/vk/video/x-ms-wvx',936623,'{\"owner\": \"Collin Hoppe\"}',1,'2021-04-09 10:49:10','2021-05-02 20:45:26'),(93,40,'http://dropbox.net/vk/model/vnd.vtu',680096710,'{\"owner\": \"Nestor Kassulke\"}',3,'2012-02-09 21:53:11','2021-05-02 20:45:26'),(94,65,'http://dropbox.net/vk/application/sbml+xml',65446142,'{\"owner\": \"Jabari Hodkiewicz\"}',2,'2013-01-29 02:20:45','2021-05-02 20:45:26'),(95,4,'http://dropbox.net/vk/video/vnd.dece.hd',1501746,'{\"owner\": \"Immanuel Ruecker\"}',1,'2018-09-26 17:20:48','2021-05-02 20:45:26'),(96,24,'http://dropbox.net/vk/application/vnd.data-vision.rdz',14039085,'{\"owner\": \"Jerry Fisher\"}',1,'2018-03-02 04:16:54','2021-05-02 20:45:26'),(97,7,'http://dropbox.net/vk/application/vnd.openxmlformats-officedocument.spreadsheetml.sheet',73847004,'{\"owner\": \"Julie McDermott\"}',1,'2020-09-26 20:35:07','2021-05-02 20:45:26'),(98,64,'http://dropbox.net/vk/application/pgp-signature',897206,'{\"owner\": \"Jade Hansen\"}',3,'2011-06-26 18:50:01','2021-05-02 20:45:26'),(99,98,'http://dropbox.net/vk/application/x-conference',27107766,'{\"owner\": \"Birdie Ebert\"}',1,'2012-04-23 06:15:49','2021-05-02 20:45:26'),(100,97,'http://dropbox.net/vk/application/x-cdlink',13987822,'{\"owner\": \"Adrianna Aufderhar\"}',1,'2020-10-16 06:46:16','2021-05-02 20:45:26');
/*!40000 ALTER TABLE `media` ENABLE KEYS */;
UNLOCK TABLES;

--
-- Table structure for table `media_types`
--

DROP TABLE IF EXISTS `media_types`;
/*!40101 SET @saved_cs_client     = @@character_set_client */;
/*!50503 SET character_set_client = utf8mb4 */;
CREATE TABLE `media_types` (
  `id` int unsigned NOT NULL AUTO_INCREMENT COMMENT '????????????? ??????',
  `name` varchar(255) CHARACTER SET utf8mb4 COLLATE utf8mb4_unicode_ci NOT NULL COMMENT '???????? ????',
  `created_at` datetime DEFAULT CURRENT_TIMESTAMP COMMENT '????? ???????? ??????',
  `updated_at` datetime DEFAULT CURRENT_TIMESTAMP ON UPDATE CURRENT_TIMESTAMP COMMENT '????? ?????????? ??????',
  PRIMARY KEY (`id`),
  UNIQUE KEY `name` (`name`)
) ENGINE=InnoDB AUTO_INCREMENT=4 DEFAULT CHARSET=utf8mb4 COLLATE=utf8mb4_unicode_ci COMMENT='???? ???????????';
/*!40101 SET character_set_client = @saved_cs_client */;

--
-- Dumping data for table `media_types`
--

LOCK TABLES `media_types` WRITE;
/*!40000 ALTER TABLE `media_types` DISABLE KEYS */;
INSERT INTO `media_types` VALUES (1,'photo','2021-05-02 20:43:12','2021-05-02 20:43:12'),(2,'video','2021-05-02 20:43:12','2021-05-02 20:43:12'),(3,'audio','2021-05-02 20:43:12','2021-05-02 20:43:12');
/*!40000 ALTER TABLE `media_types` ENABLE KEYS */;
UNLOCK TABLES;

--
-- Table structure for table `messages`
--

DROP TABLE IF EXISTS `messages`;
/*!40101 SET @saved_cs_client     = @@character_set_client */;
/*!50503 SET character_set_client = utf8mb4 */;
CREATE TABLE `messages` (
  `id` int unsigned NOT NULL AUTO_INCREMENT COMMENT '????????????? ??????',
  `from_user_id` int unsigned NOT NULL COMMENT '?????? ?? ??????????? ?????????',
  `to_user_id` int unsigned NOT NULL COMMENT '?????? ?? ?????????? ?????????',
  `body` text CHARACTER SET utf8mb4 COLLATE utf8mb4_unicode_ci NOT NULL COMMENT '????? ?????????',
  `media_id` int unsigned DEFAULT NULL,
  `is_important` tinyint(1) DEFAULT NULL COMMENT '??????? ????????',
  `delivered_at` timestamp NULL DEFAULT NULL,
  `created_at` datetime DEFAULT CURRENT_TIMESTAMP COMMENT '????? ???????? ??????',
  PRIMARY KEY (`id`),
  KEY `messages_from_user_id_fk` (`from_user_id`),
  KEY `messages_to_user_id_fk` (`to_user_id`),
  KEY `messages_media_id_fk` (`media_id`),
  CONSTRAINT `messages_from_user_id_fk` FOREIGN KEY (`from_user_id`) REFERENCES `users` (`id`),
  CONSTRAINT `messages_media_id_fk` FOREIGN KEY (`media_id`) REFERENCES `media` (`id`),
  CONSTRAINT `messages_to_user_id_fk` FOREIGN KEY (`to_user_id`) REFERENCES `users` (`id`)
) ENGINE=InnoDB AUTO_INCREMENT=101 DEFAULT CHARSET=utf8mb4 COLLATE=utf8mb4_unicode_ci COMMENT='?????????';
/*!40101 SET character_set_client = @saved_cs_client */;

--
-- Dumping data for table `messages`
--

LOCK TABLES `messages` WRITE;
/*!40000 ALTER TABLE `messages` DISABLE KEYS */;
INSERT INTO `messages` VALUES (1,13,1,'Eum ratione eaque asperiores consequuntur distinctio quia nulla. Dolor id et autem delectus quos suscipit ducimus beatae. Quasi nisi accusantium amet. In perferendis quae esse odio.',21,0,'2021-05-02 15:17:21','2014-02-06 10:19:28'),(2,79,2,'Voluptas dolorum qui quas. Perferendis qui non sapiente. Modi doloremque quis quas labore et.',51,0,NULL,'2015-01-07 02:07:28'),(3,57,3,'Minima non nesciunt ea. Pariatur ad omnis veniam officiis maiores ut quo. Aperiam est labore occaecati.',95,1,NULL,'2018-04-01 07:52:47'),(4,45,4,'Voluptatem et et non hic quisquam qui reprehenderit nihil. Veniam odio vel delectus fugiat veritatis. Et perferendis aut blanditiis omnis.',19,0,NULL,'2011-08-14 18:58:55'),(5,52,5,'Consequatur facere laboriosam voluptatem. Est neque voluptas quia quod modi. Quia placeat cupiditate rem numquam voluptatibus qui laudantium. Asperiores velit voluptas ipsa nesciunt modi.',12,1,NULL,'2015-06-02 04:00:16'),(6,26,6,'Architecto veniam consectetur ut quia ipsa quam est. Non deserunt exercitationem qui eum autem. Quisquam repellendus perspiciatis mollitia tenetur cumque delectus. Consectetur cum excepturi debitis corrupti voluptas cupiditate. Necessitatibus dolores quis voluptatem molestias saepe exercitationem.',2,0,NULL,'2019-08-29 04:39:54'),(7,75,7,'Odio non sunt voluptas dolor voluptas veniam quia. Repellendus quaerat dolore libero. Ab est doloribus tenetur ipsa ex magni neque deleniti.',72,0,NULL,'2016-03-22 14:22:10'),(8,98,8,'Suscipit fugit nihil sit. Aut harum architecto est enim consectetur repudiandae consequatur. Earum accusamus temporibus eos quidem eos delectus facere.',53,1,NULL,'2017-07-15 11:43:51'),(9,61,9,'Et voluptatem minus reiciendis voluptatibus eius voluptatibus magni. Inventore incidunt corrupti consequatur odit molestias. Eveniet vel eos voluptate. Est accusantium fugiat esse et unde.',50,0,NULL,'2020-10-05 18:29:26'),(10,11,10,'Reiciendis quibusdam et modi et dolorem odio facere. Magnam ducimus consectetur atque non incidunt atque est voluptates. Amet temporibus tempore explicabo rerum distinctio. Quae aspernatur ut quis inventore dolores est.',90,0,'2021-05-02 15:17:21','2018-07-31 18:41:39'),(11,71,11,'Saepe mollitia sit ullam veniam eveniet accusantium nesciunt. Repellat est repellat facere quasi earum. Eos error eius officia. Fugit voluptates cumque eos sunt.',2,0,NULL,'2021-03-07 14:14:28'),(12,22,12,'Iusto nihil asperiores aut et incidunt non. Qui reprehenderit debitis ipsum delectus non sint sint.',36,0,NULL,'2012-06-28 07:35:18'),(13,95,13,'Et soluta sed itaque blanditiis possimus quos consequatur. Accusantium consequuntur repellendus unde et et temporibus ea similique. Consequatur dignissimos placeat eos quia libero. Fuga consequatur ratione quibusdam rem sequi.',74,1,NULL,'2015-03-23 18:49:02'),(14,8,14,'Similique quasi sit quaerat nisi commodi quos atque maxime. Esse et repellat ex assumenda perferendis. Nulla quia et sint hic.',61,0,'2021-05-02 15:17:21','2021-03-06 13:02:12'),(15,57,15,'Id ullam ad nam tempora. Et facere nihil explicabo quod rem necessitatibus modi atque. Architecto quisquam voluptas laudantium.',85,1,NULL,'2013-11-25 16:14:57'),(16,58,16,'Quibusdam eaque et dolorem magni voluptates. Nostrum ducimus aliquid aliquid fuga magni eos. Eum architecto ipsa aut enim nobis dolorum.',38,0,NULL,'2012-07-25 16:36:06'),(17,20,17,'Corporis similique amet voluptatum et aspernatur. Sint id laboriosam sit accusantium explicabo dolor. In aut quia aliquam consequatur natus. Excepturi ipsa fugiat nam molestiae sunt.',38,0,NULL,'2013-01-25 12:04:00'),(18,25,18,'Quia enim quaerat rerum velit quia. Vitae aperiam voluptas et modi. Vero eos et repellendus ut. Quis quia iure voluptates aut recusandae cumque dolor.',72,0,NULL,'2015-12-11 07:46:37'),(19,64,19,'Vel et voluptas ad vel quasi cumque quia. Dolores ut animi qui repudiandae aperiam voluptas. Voluptatum possimus voluptas magni autem.',47,1,NULL,'2014-08-22 19:05:40'),(20,45,20,'Nulla natus sit quaerat debitis voluptas. Officiis qui officia voluptatem nihil id ea. Odit ex provident aut. Et voluptates eveniet quisquam vero veniam.',20,0,NULL,'2020-07-22 07:23:38'),(21,30,21,'Consectetur quasi culpa labore ut ex non sint. Odit est dolorum laborum. Facilis in velit qui pariatur ipsum neque voluptas.',57,1,NULL,'2012-01-06 03:03:37'),(22,18,22,'Beatae alias ut non consequatur qui vel. Eaque sequi suscipit sunt qui est natus repudiandae. Veniam maxime natus quo qui ut. Veniam debitis modi et quibusdam et doloremque vel.',27,1,'2021-05-02 15:17:21','2020-07-12 20:52:05'),(23,97,23,'Consequuntur hic ut vel occaecati adipisci. Ea omnis magni laboriosam facilis eos.',60,0,NULL,'2015-04-28 07:25:19'),(24,30,24,'Fugit velit necessitatibus consequuntur necessitatibus aut. Quae quia repudiandae autem illo reprehenderit iusto. Minima eaque eum neque consequatur quidem et eos.',19,0,NULL,'2012-11-27 18:43:35'),(25,58,25,'Delectus tempora quam dolorem voluptatibus. Architecto odit itaque doloremque maiores in omnis porro. Sint repellat aut delectus tenetur omnis debitis rem enim.',17,1,NULL,'2020-03-10 16:22:54'),(26,98,26,'Est repudiandae quaerat doloremque magnam. Omnis inventore vitae sit quos commodi ipsum. Nihil deserunt consequatur sit rerum sequi qui culpa.',24,1,NULL,'2013-08-07 15:20:35'),(27,19,27,'Suscipit qui dolorem voluptas quam fugit praesentium et. Recusandae impedit veniam eligendi excepturi non. Ut pariatur rerum deserunt ab saepe sint. Labore id aspernatur excepturi at iusto et.',71,0,'2021-05-02 15:17:21','2013-02-03 15:38:54'),(28,100,28,'Distinctio illo officia enim voluptatem incidunt molestiae. Dicta nisi aspernatur distinctio dicta. Id et quo rerum expedita. Suscipit et vel dolorum est consequatur labore.',83,1,NULL,'2019-03-11 10:49:15'),(29,41,29,'Autem qui non quod omnis repudiandae. Ducimus non vel in eos vero dolore. Reprehenderit odio ea facere rerum.',3,0,NULL,'2015-03-23 10:13:02'),(30,5,30,'Officiis dolorum cupiditate nesciunt perspiciatis. Sequi eos eum nihil unde. Deleniti asperiores neque qui incidunt quisquam non. Voluptatibus velit veritatis praesentium temporibus tempora ea et.',62,0,'2021-05-02 15:17:21','2020-05-20 19:17:58'),(31,2,31,'Facilis quo est qui ea necessitatibus. Doloribus itaque maiores maiores eos assumenda. Aut repellendus rerum aut et distinctio molestiae nam placeat.',2,1,'2021-05-02 15:17:21','2012-08-17 16:31:06'),(32,93,32,'Iusto ut rem ut illo ut nulla occaecati. Laudantium dolores autem et dolor in fugiat. Ad iusto explicabo recusandae quibusdam consequatur nostrum quia voluptate.',21,1,NULL,'2015-04-24 09:16:25'),(33,59,33,'Voluptas et assumenda quae est et repellendus. Voluptatem et ut saepe eum. Quaerat sapiente iusto eos esse dolores nostrum quasi.',1,0,NULL,'2018-04-05 10:16:38'),(34,15,34,'Est perferendis a temporibus dolorem magnam. Eos excepturi mollitia tenetur neque. Quia odit in voluptatem soluta. Eum velit esse dolores qui et suscipit et. Soluta esse ab et excepturi eos.',41,1,'2021-05-02 15:17:21','2014-08-12 18:50:08'),(35,97,35,'Id eligendi inventore corporis. Velit tenetur harum fugiat qui qui dolores voluptas in. Delectus dolor voluptatem quia aut est.',3,1,NULL,'2013-07-27 06:25:30'),(36,40,36,'Ut modi adipisci sunt dignissimos totam tempore repellendus. Quasi autem omnis perferendis et voluptatem cum vel voluptatem. Non necessitatibus quis doloribus.',89,1,NULL,'2021-01-08 19:04:46'),(37,10,37,'Soluta deleniti doloremque praesentium tempore voluptatum est aut. Perferendis consequatur cum et dignissimos unde. Sunt quo placeat ut quis sequi consequuntur tempora qui. At numquam voluptatem vel.',38,0,'2021-05-02 15:17:21','2012-08-19 02:32:33'),(38,27,38,'Et et dolor tempore consequuntur cupiditate mollitia. Deleniti labore excepturi commodi. Illum et voluptas labore iusto earum sequi modi. Quasi fugiat aut facilis non blanditiis quo.',22,1,NULL,'2019-12-31 08:16:07'),(39,7,39,'Velit fuga dolorem voluptatem dolorem voluptas. Amet incidunt vitae beatae dolores sunt asperiores voluptas. Voluptas repudiandae animi rerum eos quis molestiae. Officiis id maiores architecto sit molestiae. Eum quas et sit ut odit nihil.',97,1,'2021-05-02 15:17:21','2017-01-01 07:53:58'),(40,55,40,'In quia aspernatur et quod. Rerum ratione aut et omnis velit provident ipsum. Quis quibusdam omnis dolore ab facilis.',18,0,NULL,'2014-08-13 11:05:54'),(41,50,41,'Fugit omnis illo dolores quis qui quia. Doloribus iusto eos nemo excepturi. Vitae delectus voluptate aut.',99,0,NULL,'2012-07-05 06:07:36'),(42,85,42,'Non rerum sunt aut reiciendis et voluptatem. Nisi possimus assumenda et eius maxime maxime ipsa. Inventore non ut dicta cum autem temporibus laudantium. Cum provident quasi enim veritatis.',38,1,NULL,'2019-05-15 07:38:43'),(43,74,43,'Quas voluptate cum nulla dignissimos veniam voluptatem maiores reprehenderit. Neque repellat blanditiis reprehenderit voluptatem consequuntur voluptatem ut. Earum sed maiores et eaque sint minima.',93,1,NULL,'2018-06-11 15:46:03'),(44,16,44,'Quis atque minima nobis sit saepe voluptas deserunt. Incidunt nisi ipsam aut. Quas corporis ullam mollitia voluptate molestias nisi et.',51,1,'2021-05-02 15:17:21','2013-10-14 05:24:08'),(45,56,45,'Est natus optio occaecati fuga ut dolor. Porro a est consequatur quas. Numquam impedit eum omnis et voluptatem officia ratione. Veniam et facilis est exercitationem veniam et dolor.',75,0,NULL,'2019-07-10 16:14:38'),(46,31,46,'Quasi sunt sapiente illum ducimus similique sunt non et. Dolorem nulla veniam aliquid placeat velit enim dolorem sed. Est deserunt deserunt fuga iure repudiandae saepe.',21,1,NULL,'2018-03-25 12:14:23'),(47,87,47,'Quasi sed consequatur et ea et quia. Iusto neque libero ut quod molestiae. Cumque voluptas pariatur corrupti odit dolores cumque. Illo consequatur expedita vitae doloribus.',80,0,NULL,'2018-07-10 07:29:16'),(48,40,48,'Nemo accusamus dolores enim ullam aperiam. Praesentium tenetur omnis provident molestiae aut quisquam reprehenderit. Rerum rerum exercitationem corrupti doloribus.',36,0,NULL,'2016-12-03 14:43:03'),(49,41,49,'Dolor vel consequuntur magni fuga similique et amet. Laudantium modi hic debitis consequatur et. Quasi eum nobis placeat. Quia quo ea maiores consequatur.',41,0,NULL,'2021-02-19 09:42:46'),(50,82,50,'Accusantium repudiandae quo officiis porro. Ipsum dicta omnis et maxime. Est assumenda voluptate ipsa enim itaque eius quis. Doloribus molestiae ex ut non debitis et.',95,0,NULL,'2021-01-06 07:41:49'),(51,86,51,'Assumenda et ducimus corrupti est repudiandae qui. Et consequatur sit eveniet qui. Qui nobis velit minus eaque. Qui et ex inventore.',52,0,NULL,'2015-12-27 02:05:40'),(52,86,52,'Expedita quia delectus sit. Quia itaque explicabo nulla. Voluptatum at at qui. Culpa magnam eum non illum quis.',73,0,NULL,'2012-03-27 19:36:00'),(53,69,53,'Atque eius rerum qui molestiae placeat soluta delectus itaque. Similique cumque provident quos aut et quia libero repellendus. Temporibus vel est quibusdam eum quod. Et et voluptatem in ipsam.',10,0,NULL,'2018-05-03 19:01:46'),(54,90,54,'Repellat qui assumenda adipisci aut natus aspernatur. Blanditiis aspernatur dolor sunt cum enim magni tenetur. Rerum officia iste ipsam quia quasi. Sit ex fugit doloribus illo consequatur cum deserunt. Et quia nostrum excepturi eveniet sapiente.',29,1,NULL,'2017-07-05 18:29:51'),(55,39,55,'Aliquid vel tempore accusantium quo. Optio minus voluptas autem nemo asperiores voluptatem. Quidem libero eius dolore reiciendis culpa sint velit. Optio minus qui quos explicabo in quaerat.',13,0,NULL,'2020-11-24 05:24:59'),(56,24,56,'Facere neque nesciunt voluptas est iste. Nostrum numquam debitis est animi.',81,1,NULL,'2013-01-28 06:12:04'),(57,6,57,'Natus neque tempora delectus minima aspernatur est placeat. Consequatur iure laborum aut. Eius deserunt ut autem qui. Neque molestias voluptatem repellat iusto qui placeat sed. Expedita doloremque voluptatum laborum debitis.',65,1,'2021-05-02 15:17:21','2020-06-19 07:31:32'),(58,55,58,'Ipsum quo ut iusto et. Maxime ipsam iure qui soluta iusto inventore. Iure laboriosam cumque sed praesentium non cum sit.',79,0,NULL,'2020-11-17 04:45:59'),(59,56,59,'Eos fugit voluptas numquam sed veniam fugit ullam. Provident recusandae exercitationem repellat iste. Odit iure alias voluptate eaque.',3,0,NULL,'2016-05-19 23:32:30'),(60,17,60,'Est aut nihil nulla quis labore qui. Earum maxime distinctio delectus sequi sunt exercitationem voluptas beatae. Ut inventore atque ratione corrupti.',75,1,'2021-05-02 15:17:21','2020-08-12 05:56:41'),(61,16,61,'Dolorem aliquid nulla consequuntur magnam facere deleniti. Sit dolores porro quod tempora voluptatem. Nobis ducimus molestias vero vel ducimus soluta.',67,1,'2021-05-02 15:17:21','2015-04-10 14:26:28'),(62,27,62,'Debitis itaque accusantium inventore et quas qui omnis error. Voluptas dolore quibusdam dolorum. Architecto tempora similique vero optio quo ut.',9,0,NULL,'2019-12-30 13:50:17'),(63,87,63,'Delectus iusto molestiae sed consequatur quidem. Architecto pariatur necessitatibus vel et ad itaque.',44,1,NULL,'2012-04-11 18:51:01'),(64,52,64,'Qui tempore et dolores. Quam dolorem rerum ut tempore ratione neque nihil et. Ducimus voluptate in accusamus. Deserunt molestiae enim dicta et.',93,1,NULL,'2015-05-16 10:20:23'),(65,100,65,'Consequatur omnis quibusdam quisquam veniam. Et commodi et ipsa qui ut et voluptas. Iusto doloremque odio debitis non perspiciatis asperiores. Fuga tempora temporibus eos soluta repellendus quia iure. Et et ab rem dolorem ut ut.',31,0,NULL,'2013-12-23 06:14:47'),(66,45,66,'Ducimus perspiciatis corporis et aut rerum porro quaerat. Ullam qui enim aperiam maiores qui. Ratione veritatis quidem quis officiis velit provident.',75,0,NULL,'2019-11-16 01:24:56'),(67,23,67,'Eligendi commodi pariatur est iste praesentium. Atque sit aut nam qui. Quia minima sed temporibus sed voluptas soluta eum. Rerum qui ut sint ut eum odit et a.',83,0,NULL,'2019-08-22 02:02:35'),(68,79,68,'Molestiae esse facilis et. Consequatur eius inventore hic magni. Optio qui et deleniti ducimus rerum. Voluptatem eum dicta repudiandae et aspernatur mollitia repellat voluptas.',89,0,NULL,'2011-05-14 16:57:53'),(69,25,69,'Id illum dignissimos officia nobis ea. Saepe debitis odio natus doloremque adipisci nostrum enim. Repellendus autem commodi perspiciatis dolorem ipsum.',94,0,NULL,'2013-08-03 05:56:01'),(70,87,70,'Quisquam aliquam non itaque. Quos rerum tempora hic iure. Dolores itaque quas omnis eligendi at quo. Eveniet illum exercitationem qui amet autem libero et corrupti.',3,0,NULL,'2014-10-27 11:42:39'),(71,61,71,'Deleniti ut molestiae ut quidem amet asperiores animi amet. Sed tempora alias recusandae et itaque quis. Et nobis rem dolor eaque. Ad aut nesciunt ad molestiae non.',34,0,NULL,'2015-08-25 09:47:59'),(72,43,72,'Recusandae deserunt est recusandae eligendi non perferendis. Delectus dignissimos magnam repellendus ratione.',59,1,NULL,'2013-01-13 19:39:19'),(73,31,73,'Voluptas omnis molestias porro quos provident eum esse. Ad labore et enim. Incidunt id vel rerum delectus cupiditate vel.',94,1,NULL,'2015-09-07 03:46:17'),(74,25,74,'Sunt cum molestias possimus quo. Aut non consectetur accusamus quis. Sed aut nihil iure harum quod perspiciatis vel. Velit atque quas cumque.',92,1,NULL,'2012-09-29 01:19:16'),(75,34,75,'Expedita corrupti consequatur harum consequuntur autem rerum suscipit illum. At aspernatur ducimus est quae nobis. Hic est qui ab consequatur laboriosam molestiae.',78,0,NULL,'2013-11-24 16:52:45'),(76,92,76,'Quaerat in cumque dolorum molestias magni. Et nemo et voluptatem maxime.',14,1,NULL,'2016-09-28 01:48:23'),(77,58,77,'Quam sed est cumque. Vel aut consequuntur fugiat consequatur dolores fuga quibusdam. Rerum est cupiditate non.',37,0,NULL,'2019-04-20 11:32:34'),(78,13,78,'Recusandae et eos aut omnis aut ut. Ratione et doloribus at maiores sunt numquam. Rerum magni laborum enim. Sunt illo cum eum sequi. Ut perspiciatis maiores enim laboriosam assumenda possimus dolores.',41,1,'2021-05-02 15:17:21','2011-08-21 03:23:00'),(79,91,79,'Corrupti autem quia sunt delectus ea dolor aut. Tempora architecto et dignissimos et distinctio. Fugit aperiam natus similique consequuntur quis placeat pariatur.',93,0,NULL,'2018-05-21 05:39:23'),(80,17,80,'Explicabo fuga perferendis aut. Nemo deserunt maiores harum omnis ipsa labore dolores. Inventore sunt aut voluptatum suscipit aperiam doloremque nisi illo. Reiciendis adipisci eligendi consequatur eveniet aut illum aut voluptate.',43,0,'2021-05-02 15:17:21','2014-04-03 21:42:57'),(81,10,81,'Itaque numquam qui ut ea totam exercitationem rerum. Sed vero ea minima eum.',34,0,'2021-05-02 15:17:21','2015-07-01 00:01:30'),(82,98,82,'Sunt quia enim eveniet aspernatur in earum dolorem. Nesciunt officia eos eos ratione consequatur enim est. Non expedita optio similique adipisci exercitationem temporibus saepe. Pariatur esse et veritatis qui.',42,1,NULL,'2018-05-06 07:24:11'),(83,60,83,'Repellat omnis excepturi nihil perspiciatis. Qui quibusdam necessitatibus totam eligendi quod voluptatem. Ipsum et aut suscipit quam optio quibusdam.',6,1,NULL,'2011-10-06 07:36:19'),(84,4,84,'Et recusandae modi nihil quo ut minus laborum. Quasi nihil autem animi aliquam enim enim ut.',3,0,'2021-05-02 15:17:21','2018-05-25 21:31:02'),(85,41,85,'Eum harum consequuntur debitis sequi. Eveniet ratione qui sit rem consequatur veniam. Sit nulla et aut nobis qui ducimus voluptas vitae.',95,1,NULL,'2011-05-31 09:00:11'),(86,90,86,'Excepturi vel aut voluptates eum. Molestiae vero et cupiditate dolorem inventore nihil saepe. Qui rerum id corporis quia et alias itaque. Ratione provident ipsam expedita odio natus.',68,1,NULL,'2015-05-19 20:51:53'),(87,29,87,'Voluptas ut similique nulla repellat enim voluptatem inventore illum. Nostrum aperiam sunt ea dolorem. Repudiandae officiis eligendi consequatur voluptatem illo atque nihil. Reiciendis et eaque corrupti aperiam aut aut est.',56,0,NULL,'2020-07-06 14:46:14'),(88,75,88,'Expedita ab voluptas delectus mollitia optio amet. Hic aut nihil et quia. Tempora facere sed qui recusandae. Blanditiis voluptatem voluptatem rem temporibus non.',73,1,NULL,'2019-10-20 15:46:04'),(89,87,89,'In voluptate quae cupiditate asperiores et soluta dolor. Nam ipsam dolorem aliquid est non earum. Rerum dolorum fugiat molestiae aperiam officia.',96,0,NULL,'2020-01-10 20:26:20'),(90,11,90,'Et officiis tenetur fuga esse cupiditate. Et omnis est impedit culpa beatae provident quos. Assumenda amet quo sunt tempora dolore iusto.',61,0,'2021-05-02 15:17:21','2015-10-01 02:07:59'),(91,94,91,'Commodi et ab qui rerum voluptas quo maiores. Tempora nulla repudiandae ad ab soluta. Sed qui optio sed soluta.',15,0,NULL,'2012-10-19 18:06:27'),(92,33,92,'Cupiditate qui et eos. Rem repellendus atque maiores dolorem tenetur molestias. Laborum aliquid porro et qui consequatur.',92,1,NULL,'2016-08-11 12:18:32'),(93,86,93,'Vel saepe a velit iste fugiat. Provident sed veniam rerum saepe consequatur voluptate voluptatem. Autem ut voluptates earum dolorum et nostrum labore. Assumenda esse quibusdam nulla.',15,0,NULL,'2014-10-23 07:19:17'),(94,30,94,'Sint facere facilis reprehenderit vel vero facilis. Expedita doloremque aperiam eligendi atque assumenda exercitationem ipsam fugit. Recusandae earum qui iste est nulla soluta. Assumenda sit suscipit sed aut maiores.',97,0,NULL,'2019-01-20 06:21:06'),(95,90,95,'Commodi pariatur sunt laborum omnis deleniti assumenda. Optio error qui exercitationem enim. Ut ipsam dolorem atque inventore. Aut quaerat accusantium rerum asperiores autem quod ipsa.',40,0,NULL,'2014-10-19 10:58:35'),(96,59,96,'Aut quo veritatis ab natus. Et dolor voluptatem architecto dolorem nobis ut. Modi vel eveniet consequatur sed suscipit. Consequuntur quis vel id non voluptatibus velit inventore et.',11,1,NULL,'2019-09-16 16:38:20'),(97,25,97,'Numquam at sunt est. In dolore et ullam facere consequatur. Reprehenderit et repellendus in commodi adipisci eum ducimus.',33,0,NULL,'2020-11-30 21:01:32'),(98,48,98,'Eveniet qui rem ut cum inventore. Sit et temporibus fugiat accusantium est.',31,1,NULL,'2011-08-02 11:05:27'),(99,66,99,'Consectetur voluptatem iusto velit reiciendis nobis. Ullam dolor quia nulla voluptatibus labore iusto. Quaerat et quam voluptas officia molestiae repudiandae. Assumenda aut molestias dignissimos qui voluptatem.',54,1,NULL,'2020-02-06 06:01:16'),(100,84,100,'Sit dignissimos nemo eaque ad ipsa non consequatur. Aspernatur in deserunt culpa et cupiditate praesentium. Et doloremque repudiandae eos. Tempora dolores sed molestiae.',80,1,NULL,'2020-06-25 17:16:03');
/*!40000 ALTER TABLE `messages` ENABLE KEYS */;
UNLOCK TABLES;

--
-- Table structure for table `posts`
--

DROP TABLE IF EXISTS `posts`;
/*!40101 SET @saved_cs_client     = @@character_set_client */;
/*!50503 SET character_set_client = utf8mb4 */;
CREATE TABLE `posts` (
  `id` int unsigned NOT NULL AUTO_INCREMENT,
  `user_id` int unsigned NOT NULL,
  `community_id` int unsigned DEFAULT NULL,
  `head` varchar(255) CHARACTER SET utf8mb4 COLLATE utf8mb4_unicode_ci DEFAULT NULL,
  `body` text CHARACTER SET utf8mb4 COLLATE utf8mb4_unicode_ci NOT NULL,
  `media_id` int unsigned DEFAULT NULL,
  `is_public` tinyint(1) DEFAULT '1',
  `is_deleted` tinyint(1) DEFAULT '0',
  `created_at` datetime DEFAULT CURRENT_TIMESTAMP,
  `updated_at` datetime DEFAULT CURRENT_TIMESTAMP ON UPDATE CURRENT_TIMESTAMP,
  PRIMARY KEY (`id`),
  KEY `posts_user_id_fk` (`user_id`),
  KEY `posts_community_id_fk` (`community_id`),
  KEY `posts_media_id_fk` (`media_id`),
  CONSTRAINT `posts_community_id_fk` FOREIGN KEY (`community_id`) REFERENCES `communities` (`id`),
  CONSTRAINT `posts_media_id_fk` FOREIGN KEY (`media_id`) REFERENCES `media` (`id`),
  CONSTRAINT `posts_user_id_fk` FOREIGN KEY (`user_id`) REFERENCES `users` (`id`) ON DELETE CASCADE
) ENGINE=InnoDB AUTO_INCREMENT=101 DEFAULT CHARSET=utf8mb4 COLLATE=utf8mb4_unicode_ci;
/*!40101 SET character_set_client = @saved_cs_client */;

--
-- Dumping data for table `posts`
--

LOCK TABLES `posts` WRITE;
/*!40000 ALTER TABLE `posts` DISABLE KEYS */;
INSERT INTO `posts` VALUES (1,31,9,'Ipsa et amet non enim. Enim perspiciatis cumque nulla numquam laborum illum. Cupiditate quidem laboriosam in laudantium eius at.','Perspiciatis ab odit aliquam illum fugiat voluptate. Ut suscipit aut et consectetur. Rem et voluptas et exercitationem.',80,0,1,'2013-11-12 20:51:39','2016-08-23 05:04:40'),(2,81,1,'Accusantium quos nesciunt doloribus repudiandae sint tempore. Vel et eveniet nam consequatur autem. Sit accusantium sequi iusto quae eos nesciunt quia.','Sed omnis voluptas dolor est quaerat. Mollitia sit ipsa atque ducimus veniam voluptatibus commodi. Est fugit quos ab possimus esse voluptas. Explicabo eaque quidem quia quibusdam autem sequi.',6,1,1,'2016-03-19 10:39:05','2017-08-15 14:53:07'),(3,1,2,'Aperiam sed itaque rerum quos. Debitis cupiditate molestiae quos dolores reiciendis perspiciatis tempora.','Illum itaque culpa illo voluptatem. Minima saepe veniam aspernatur voluptatem nostrum mollitia asperiores et. Facilis qui corrupti debitis ad magni laboriosam. Est explicabo impedit molestiae corporis aut veniam aut.',20,1,1,'2018-07-07 02:30:01','2015-04-08 07:56:07'),(4,41,3,'Voluptas recusandae atque voluptatem id. Non delectus sapiente eos consequuntur ut in aut sint. At doloremque recusandae id qui quia. Et amet placeat cumque est nihil.','Mollitia dolorum officia excepturi quia harum dolore beatae dolores. Id explicabo provident sint voluptatem molestiae dolores vitae commodi. Et et illum et id iste aliquid excepturi.',44,1,0,'2019-05-13 08:39:27','2018-07-16 09:23:52'),(5,70,10,'Illo consequatur eum iure repellendus et ducimus. Nisi hic harum ratione dolore dolore. Incidunt sit debitis eum et.','Temporibus rem distinctio temporibus aut. Aut unde ea odit odit accusantium repellendus molestias.',19,0,0,'2019-06-16 06:41:20','2020-10-15 05:44:10'),(6,4,5,'Facere eligendi cupiditate amet placeat et sint. Qui fugiat quae et autem. Repudiandae voluptates quibusdam velit omnis sit.','Quo quo laboriosam sint alias. Pariatur voluptas qui et placeat error dolores reprehenderit aut. Quo consequatur corporis quasi.',54,0,1,'2018-02-06 01:57:30','2017-12-08 04:09:29'),(7,31,4,'Autem voluptates aperiam vel ut quia. Natus culpa et quod ullam molestiae illum.','Neque aliquid neque omnis eligendi nemo veniam consequatur. Quo sint eum architecto cupiditate dignissimos. Molestiae eos autem voluptatibus autem ad eum.',12,0,1,'2016-06-08 23:11:15','2015-12-27 13:33:56'),(8,31,1,'Facilis dolorem rerum et minus commodi maxime. Eligendi dolores qui velit aut sint. Facilis temporibus alias deserunt sit. Aut cum quo maiores est sed quam tenetur quasi.','Ex voluptas molestias nulla doloribus magnam. Deleniti quasi similique quibusdam aut saepe sapiente debitis delectus. Tempora repellendus qui a asperiores. Ea quaerat quasi laboriosam qui rem et harum incidunt.',6,0,0,'2019-01-10 04:44:37','2013-02-12 07:49:37'),(9,13,4,'Voluptatem corporis ea hic quos maiores delectus. Ut eaque impedit ut sed. Accusantium quam qui dolores minus id.','Doloribus rerum quaerat expedita facere id nemo. Nam est voluptatem accusamus. Autem quisquam adipisci velit quis praesentium ea deleniti autem. Cum amet quia repellat ducimus autem.',78,0,0,'2017-07-15 15:59:48','2019-10-29 15:41:11'),(10,35,4,'Error deleniti incidunt maiores aliquid magni asperiores. Numquam ipsa voluptas at voluptatum ut ut. Quas quibusdam unde provident est harum.','Laudantium tempore dicta et nemo et. Sequi itaque corporis dolorem velit praesentium aliquid. Error iste et eveniet voluptatibus.',18,0,0,'2017-08-26 00:34:44','2019-09-02 00:55:05'),(11,52,7,'Assumenda itaque ut cumque quia ducimus recusandae inventore. Temporibus architecto ab molestias placeat ut optio ab.','Id ut tempore eos tenetur. Error veritatis iste eveniet. Labore odio possimus minus dolores. Non enim perspiciatis quos similique dolore.',10,1,1,'2014-04-18 10:30:45','2012-08-12 09:12:36'),(12,87,9,'Tempore quae dolorum qui provident ut rerum. Fugit sint magni odio est labore voluptatem. Repudiandae fugit est quia tempora earum tempora voluptas. Non et quibusdam quis mollitia error deserunt.','Veniam repellendus deserunt possimus quidem ut fuga non. Labore eos et sit autem et quibusdam voluptas. Deserunt error esse maxime laborum. Deleniti qui praesentium aut numquam iure eum.',35,0,0,'2012-04-09 18:42:04','2020-11-11 03:53:47'),(13,75,5,'Saepe accusantium nobis incidunt quam non atque. Voluptatem quibusdam voluptatem eum asperiores unde. At et consequuntur laborum aliquam nulla aut.','Cupiditate consequuntur sed debitis vel dolorem autem. Veniam enim culpa quod quo. Natus et et numquam placeat doloremque explicabo commodi. Enim ullam et soluta quia.',79,1,1,'2014-10-30 02:01:01','2013-07-26 22:03:20'),(14,27,2,'Voluptatibus nostrum quia repudiandae et explicabo esse eum quidem. Qui ab quo repellat exercitationem tenetur. Dolor numquam quis laborum nisi. Perferendis minima quo in unde vitae.','Rem eligendi ducimus delectus ducimus sint ullam fugiat. Ab dicta vel quas dolore similique eligendi quidem et. Sit ex sequi quo rerum.',86,1,1,'2014-04-29 13:12:15','2014-12-22 00:44:43'),(15,48,4,'Est ipsa a expedita et doloremque ea. Sunt in eum et temporibus architecto aut. Consequuntur dolor blanditiis error minima atque tenetur.','Accusamus blanditiis minus ipsum et. Esse quia voluptates numquam ipsum. Minima debitis deleniti ea cum tempora doloribus dolore. Aut est et id aut ut ab quis nesciunt.',21,0,1,'2015-05-26 03:04:10','2020-12-28 18:01:00'),(16,56,2,'Eum ratione labore quia maxime. Aut mollitia voluptas quidem omnis rem eum. Ea quo maiores voluptate in facilis iste. Tenetur repellendus nesciunt autem sint.','Eaque sequi doloremque non. Aut ratione rem ut est nihil sed dolorem. Animi sed quia aut voluptate dicta distinctio consequuntur.',37,0,1,'2014-06-02 18:09:02','2019-11-30 07:23:13'),(17,46,4,'Aut laborum tempora non illum. Nulla nulla cumque molestiae dolorum ut tenetur. Animi deleniti iure pariatur. Accusamus consequatur voluptas assumenda consequatur. Facere autem delectus quo.','Harum eos vitae at ipsa. Assumenda itaque consequatur quidem soluta sit. Nobis aliquam reiciendis eveniet saepe iusto sit voluptate. Est impedit exercitationem excepturi voluptas voluptatum.',74,1,0,'2020-05-13 19:12:25','2017-11-25 16:58:07'),(18,25,2,'Qui nostrum quod cum inventore fuga sit quae. A harum pariatur quos soluta provident soluta quia qui. Placeat praesentium nulla magnam est rerum eligendi rerum.','Rerum ab veniam sit quidem aspernatur. Officiis ut dolores labore saepe maiores quia voluptate. Praesentium vero cum quam aspernatur id fugit quibusdam deserunt.',89,1,1,'2012-05-12 14:15:59','2018-12-26 08:56:03'),(19,44,6,'Et eos non enim reiciendis laborum qui. Quisquam dicta illum consequuntur et. Vero sequi harum ex. Autem maxime et cum ipsum dolor magnam unde ab.','Ullam vel dolores distinctio qui ea a et et. Esse doloremque rerum velit et enim iste. Et qui quia ut at rerum voluptatem ea aliquid. Numquam impedit ullam occaecati rerum aut.',60,1,1,'2015-09-19 06:07:51','2015-08-13 16:24:52'),(20,16,9,'Recusandae provident voluptatibus qui quaerat. Commodi quibusdam dolore quasi ut. Non neque beatae eum et.','Sapiente molestiae rem et quibusdam velit. Ut adipisci nesciunt assumenda expedita id ut. Voluptatem incidunt consequatur nulla quasi accusamus accusamus architecto.',31,1,1,'2020-09-06 10:53:16','2017-06-25 16:48:00'),(21,50,3,'Vitae eos aperiam dolorem ad. Nulla a alias ex dolorem velit autem ipsa. Odio aut ex enim error quaerat dolores laboriosam. Ullam et explicabo occaecati voluptas error aliquam quia.','Maxime quis porro nemo dolorem molestiae. Exercitationem a eaque animi quis rem eveniet. Excepturi amet omnis magni rerum architecto a. Possimus sint vitae minus dolorem dignissimos ex id. Molestiae dolorum aliquid eaque est unde saepe et.',67,1,0,'2016-09-13 14:39:00','2016-04-23 04:48:08'),(22,23,7,'Possimus perferendis ipsam et quae omnis. Vitae dignissimos mollitia ut. Et voluptas voluptates distinctio.','Voluptas aperiam eum enim autem impedit labore. Dignissimos sit et non qui necessitatibus neque expedita. Ut consequatur omnis nam debitis numquam quo. Sed laborum sit iure veritatis.',50,0,0,'2020-10-28 18:07:29','2013-06-11 20:17:56'),(23,58,2,'Consequatur voluptatem voluptatem architecto nobis. Eum quae itaque fugit est vitae beatae cupiditate.','Quia unde dignissimos placeat magni temporibus eius. Suscipit dignissimos totam in blanditiis. Deleniti suscipit omnis nemo neque. Sunt explicabo aperiam qui dignissimos nulla illo.',92,1,0,'2015-08-26 03:43:44','2015-09-13 20:24:42'),(24,78,1,'Impedit iusto quasi atque itaque facere quae sint. Qui voluptate ducimus ex minima incidunt ratione et sit. Omnis voluptas vero consequatur laudantium. Optio maxime incidunt fugiat fuga quas sint.','Amet nisi nobis autem. Aut quisquam iure in ipsa magni quis veritatis. Pariatur placeat mollitia quidem autem.',49,0,1,'2011-11-08 07:04:58','2015-08-28 01:12:00'),(25,17,10,'Accusamus fugit voluptatem deleniti et. A in labore inventore laboriosam et voluptatibus.','Velit libero nisi nulla. Occaecati non qui a expedita nesciunt. Molestias beatae qui iste ullam. Itaque nihil enim incidunt eos consectetur.',86,0,0,'2019-12-15 04:51:28','2015-08-08 09:41:44'),(26,44,5,'Quod cum fuga quia veritatis fugit quo. Quam aperiam vel dicta assumenda ut labore vel ullam. Eum et eos qui distinctio quos omnis.','Rerum necessitatibus velit rerum. Ut libero animi ea earum. Fuga aut animi ipsam beatae vero.',45,0,1,'2011-12-01 12:22:20','2019-05-27 09:24:35'),(27,32,8,'Officiis voluptatum tempora blanditiis consequatur aut voluptates reprehenderit incidunt. Aut quam nulla quaerat. Error excepturi autem voluptate tempora recusandae ipsam.','Debitis atque animi vitae pariatur iusto. Non commodi debitis esse vel veritatis ullam voluptas.',62,1,1,'2012-03-31 21:25:26','2021-01-20 00:34:24'),(28,28,5,'Eos incidunt sunt quo distinctio consequatur. Ipsum dolores aut cupiditate tempora in reprehenderit quidem. Deleniti non quibusdam doloribus incidunt.','Commodi atque amet ullam quasi tempora deleniti. Ea eaque magnam nostrum eaque. Eius voluptas harum consequatur in saepe.',79,0,0,'2017-09-27 02:05:22','2012-11-13 20:30:52'),(29,76,3,'Consequatur nostrum dolores illo dolor sint ut. Ut enim rerum voluptatem id natus velit. Rerum fugit quibusdam aliquid dolorem quidem quisquam atque.','Harum delectus voluptatem atque consequatur dolores laudantium quam. Dolorem ea iusto quasi eos excepturi. Odit maiores quo voluptatem.',86,1,0,'2012-02-02 15:48:14','2013-11-19 14:56:39'),(30,12,8,'Impedit eligendi aliquid quas quo reiciendis. Veniam non enim et et. Maxime quisquam minima cum est sequi quia blanditiis.','Ipsam voluptatem nobis sint enim harum. Molestias maiores nam eum ut cum laudantium. Est dolor in molestias similique cupiditate. Magnam ut eius repudiandae veritatis sit.',55,0,0,'2013-05-06 22:56:17','2019-03-27 16:09:53'),(31,94,8,'Esse ab quia saepe voluptate facilis in velit esse. Incidunt rerum quasi dolores sunt consectetur ipsa illo. Eos eveniet delectus quos omnis et nihil iusto.','Aut consequatur voluptatum et iure perferendis id. Distinctio corrupti odio repellat facilis. Eos suscipit expedita quaerat quia neque recusandae ratione. Sapiente iste accusamus in consequatur eligendi. Molestiae beatae voluptates quod dolore eveniet.',5,0,1,'2014-06-03 07:30:03','2011-10-19 01:25:41'),(32,73,9,'Non quis nemo et distinctio temporibus occaecati. Ex repellat dolorem qui porro labore et esse. Debitis neque sit quibusdam non sapiente.','Ducimus libero et sit tempora qui vel nihil sint. Aut laboriosam vitae eos sint aliquid cum laudantium laborum. Est in labore quia magnam vitae voluptates. Voluptate maxime tempora laudantium alias soluta cumque.',30,0,0,'2019-07-31 18:19:22','2017-07-15 21:55:11'),(33,99,9,'Optio corporis debitis consequatur est. Neque facere vitae cumque. Et dignissimos corrupti facilis voluptates itaque blanditiis. Minus tempora quas error accusantium eum voluptatem nesciunt.','Non debitis aut quos et consectetur et numquam. Consequatur enim cum id sapiente. Voluptas odit quisquam quos magni.',4,0,0,'2015-01-08 07:25:22','2018-10-08 18:29:26'),(34,100,7,'Et quia laborum nam non eaque error et. Fugiat dolorem quod culpa autem sunt omnis quisquam. Ut laboriosam soluta delectus quia et illo.','Asperiores provident labore et aut. Omnis dolor ullam hic nemo et. Id optio culpa quod saepe. Minus facere rem debitis dignissimos qui.',10,0,1,'2018-03-14 16:21:47','2016-04-22 10:59:17'),(35,52,2,'Tenetur dolore ut maxime. Eius suscipit ea quia. Quaerat in magni cumque incidunt veritatis et. Ullam corrupti facilis asperiores incidunt ullam dolorem voluptate.','Sed quia quo placeat nihil eveniet porro. Dicta harum libero tempore consequatur et. Voluptatem et officiis excepturi dolore.',7,0,1,'2013-12-20 20:37:50','2011-09-29 01:45:39'),(36,49,10,'Molestias incidunt sapiente non necessitatibus numquam ut ut. Non ea nihil neque qui. Modi dolorem qui et voluptate debitis rerum. Animi adipisci dolores architecto ipsam saepe ut quia architecto.','Consequatur libero odio sunt ut ducimus molestiae omnis. Numquam voluptas temporibus enim similique voluptas quia omnis ut. Quod ab animi vitae in blanditiis quia et. Facilis officiis adipisci laudantium nemo.',1,0,1,'2019-01-27 04:20:51','2018-04-05 14:27:00'),(37,34,4,'Accusantium tenetur aliquam autem minima magni id est. Alias perspiciatis voluptatem est porro. Quae reprehenderit provident magni ex.','Maiores autem eum quasi non. Omnis qui corrupti voluptas rerum nesciunt ipsa. Debitis quos quis hic et.',67,0,0,'2012-11-23 22:28:32','2018-08-29 08:39:33'),(38,55,1,'Laborum deserunt quos velit voluptatibus dolorem necessitatibus. Odio rerum inventore fugit tempora vero nobis rerum. Et aut explicabo sed quod beatae.','Debitis velit excepturi facere quia et. Est aliquam nesciunt quisquam. Assumenda quia deserunt nam animi. Ea eligendi enim iusto optio sapiente dolorem deserunt alias. Eius dolor debitis est hic et quis.',99,1,1,'2014-02-28 15:29:35','2013-02-11 17:24:10'),(39,99,1,'Maxime reprehenderit quisquam labore atque. Numquam placeat dicta adipisci non ex et. Unde id reiciendis enim quis aut et adipisci.','Ab sunt dolores asperiores facilis iste est. Placeat temporibus voluptates doloribus nihil. Aperiam facere animi iure eaque velit aliquid.',5,1,1,'2016-06-08 15:47:51','2016-10-04 19:59:21'),(40,21,5,'Quibusdam unde facilis ratione aspernatur tenetur et. Deleniti non enim suscipit aperiam ipsa temporibus. Et quis in voluptas aut consectetur earum distinctio et. Provident saepe et nostrum.','Quos aliquam sunt dolorem. Nostrum optio ad id sit. Qui voluptatem voluptas odio sint dolores cumque. Eaque vel amet eaque ipsum voluptate suscipit.',85,1,1,'2020-07-16 10:48:44','2017-03-30 00:31:31'),(41,56,2,'Voluptatem optio eveniet ratione magni tempora repudiandae praesentium. Reprehenderit alias et itaque animi sit ex atque.','Accusamus nemo excepturi quas dicta. Velit quia et temporibus assumenda. Maiores sint laudantium libero occaecati. Inventore provident sapiente necessitatibus optio dolorem.',57,1,1,'2013-03-03 16:35:44','2015-02-25 12:45:07'),(42,12,8,'Odit sint at quia a fugit doloremque. Impedit ut molestias magni maxime sit non. Explicabo quis perspiciatis neque et.','Ut qui voluptatem soluta necessitatibus fugiat sint voluptatem provident. Enim doloribus quod minima et ullam. Voluptas vitae distinctio voluptatem dolorum. Ea placeat ut facilis officiis soluta sint possimus.',57,1,1,'2021-01-17 19:53:35','2020-05-10 00:11:46'),(43,40,1,'Est vitae debitis deserunt praesentium fuga similique. Nihil doloribus est aut quos itaque qui. Quae velit praesentium totam sint.','Ab velit quibusdam cupiditate quia. Qui expedita praesentium quia ratione sapiente.',98,1,0,'2020-09-27 03:03:56','2015-01-01 04:35:00'),(44,84,7,'Provident aut enim cum odio illo iste. A saepe error laboriosam assumenda. Dicta officiis aut error dolorem voluptas quo consequuntur.','Modi omnis voluptas maiores deleniti blanditiis magnam rerum. In provident quia molestiae doloribus minima.',4,1,0,'2014-05-24 12:26:20','2017-05-15 02:41:41'),(45,49,2,'Vel qui iure quae eos itaque id. Et enim esse dolores quia vero. Quo quidem architecto perspiciatis dolores.','Nemo qui deleniti autem iusto vero. Accusantium hic autem veritatis officia mollitia molestias. Voluptas quidem pariatur reprehenderit rerum.',67,1,1,'2017-02-02 04:11:50','2015-07-09 12:27:17'),(46,72,6,'Cum harum dicta consectetur error sequi. Eius autem nisi nulla magni atque. Vitae possimus rem reprehenderit earum. Sunt corrupti perferendis alias fuga tempora vel.','Vel ut sint quo et repellat. Quia eum soluta architecto non rerum sed magni. Et quia vitae alias adipisci. Perferendis porro sequi culpa quia quasi.',78,1,1,'2015-06-23 22:12:48','2013-09-11 05:54:48'),(47,69,2,'Amet occaecati hic eveniet porro nisi ut libero. Ut sunt velit dolore hic rem. Sed itaque nam nihil autem molestiae distinctio explicabo quia.','Impedit doloremque maxime aut accusamus soluta consequatur cumque non. Animi aut excepturi sit aut aut doloremque. Omnis non voluptas quam dolorem molestiae voluptatem. Distinctio ipsa pariatur qui explicabo eos harum aspernatur.',50,1,1,'2014-11-10 22:35:22','2013-10-09 16:56:18'),(48,16,2,'Nostrum harum earum autem tenetur. Dolorem eaque et fuga architecto labore provident. A autem fuga quae culpa.\nMaxime est dolor est aut adipisci ut. Similique neque autem impedit.','Deserunt quis quia velit tempora rerum. Assumenda ut delectus autem voluptatum. Aperiam et est ipsam enim. Sed eos perferendis nihil quisquam ea omnis doloremque.',15,1,1,'2016-10-22 03:46:23','2015-03-16 17:23:25'),(49,59,3,'Sint nam vitae est architecto eum error. Id libero sunt voluptas ad quia aut et. Soluta assumenda quis ullam eaque.','Voluptate natus possimus quibusdam aperiam quidem. Sit sit aut consequuntur praesentium voluptas quis. Et enim qui omnis consectetur itaque. Minus eius sequi quae qui.',87,0,0,'2017-07-14 12:57:39','2019-04-28 17:05:55'),(50,70,3,'Animi occaecati architecto eaque sint nemo. Maxime et sed rerum cupiditate et recusandae. Et placeat enim molestiae et. Vel dicta placeat voluptates cum tempore neque.','Vitae dicta modi eaque recusandae quis aspernatur ut. Perferendis eum consequatur itaque dicta eos. Doloribus quis autem accusantium harum explicabo. Amet et occaecati repudiandae veritatis sint dolorem.',67,1,0,'2017-08-23 21:25:20','2012-09-28 15:44:34'),(51,77,8,'Illo sed nesciunt ipsa necessitatibus ut laboriosam odio. Nihil nulla aspernatur repellendus sunt minima officia temporibus. Recusandae nobis debitis temporibus odio. Harum possimus est repellat.','Est repellat et repellat. Tempore et inventore eius delectus repellendus. Veritatis cumque culpa enim facere tenetur possimus quae. Cumque molestiae et saepe nam.',91,1,1,'2021-04-03 21:39:17','2020-12-30 06:44:43'),(52,18,7,'Nihil ab dolor quod modi repellat autem. Alias recusandae et sint iusto eum aperiam voluptatum. Eum autem incidunt modi ea quis.','Eaque ad quisquam esse rem. Ut officia iste quasi quia enim. Tempore delectus autem est at hic aut. Nihil quasi commodi perferendis nam voluptas fugiat accusantium.',60,0,0,'2018-03-04 15:00:57','2011-12-22 01:00:12'),(53,32,10,'Optio ut ea occaecati illo ut placeat. Assumenda rerum consectetur minima deserunt aut ad. Adipisci laboriosam magni modi. Totam quo ad eos possimus aspernatur.','Perferendis sint quis eveniet ut vitae recusandae. Et omnis nihil dolorem sint mollitia voluptatum. Tempore ullam ad et odit et explicabo.',66,1,1,'2012-12-18 15:31:22','2021-04-11 22:02:10'),(54,35,7,'Est possimus iusto et omnis voluptatem ut et. Numquam ducimus debitis sit non voluptatum animi et. Doloremque voluptatem dicta ut accusantium.','Nulla temporibus aspernatur nemo eum quam mollitia explicabo. Cupiditate nihil blanditiis dolor pariatur earum. Repellendus repudiandae quia id non dolorem dignissimos. Tempora fugiat veritatis ducimus asperiores enim numquam quis.',53,0,1,'2014-11-26 13:26:31','2020-03-17 22:50:29'),(55,78,5,'Reiciendis numquam laudantium nam consectetur error sed. Maxime optio enim perferendis dolor. Aut dolorem rerum accusantium consequatur nemo ut alias. Facilis in vel quia sit enim nisi.','Nihil omnis dolorem est delectus omnis suscipit. Dolores et sed accusantium sapiente voluptate pariatur fugiat. Quia suscipit odio fugiat ex quae quis. Sequi eos qui placeat aperiam.',88,1,0,'2020-06-28 08:33:41','2020-10-23 15:26:24'),(56,91,6,'Est veritatis molestias eveniet doloremque harum odio enim. Odio ut eum quas vero qui ullam perferendis. Dignissimos porro a repellendus excepturi voluptatum tenetur.','Non optio doloremque veritatis qui cum voluptatem ut asperiores. Vel itaque reiciendis corrupti itaque facilis necessitatibus. Amet omnis unde voluptate. Et consequatur aut aut praesentium sint.',28,1,0,'2012-09-16 12:58:42','2015-11-09 12:08:06'),(57,2,3,'Laudantium perspiciatis nihil facere omnis quas odio iste. Dicta perspiciatis aliquam aut autem nesciunt. Esse et unde adipisci asperiores.','Praesentium et dolor laboriosam. Maxime dignissimos ipsum consequatur quia est. Exercitationem itaque non a. Velit facilis nemo iusto magni.',68,0,0,'2020-03-06 19:58:05','2014-05-19 06:52:03'),(58,96,7,'Eum voluptatibus iusto deserunt error eveniet ut praesentium. Repudiandae minus sunt itaque est et. Tenetur cupiditate aut esse omnis ut ab officia. Quaerat corporis eius officiis dolor sed et sit.','Deleniti adipisci sed quaerat. Qui quod quos facere provident. Et fuga aut sint magni quo illum et tempore. Nulla itaque unde et sapiente cupiditate. Amet ut eaque molestiae blanditiis earum inventore excepturi id.',67,1,1,'2021-03-27 23:25:19','2020-05-21 01:52:55'),(59,15,8,'Deleniti explicabo ea a architecto quaerat eum sunt amet. Quo dolorem error dolorem assumenda ipsa. Culpa quis alias omnis sunt iure. Illo hic eum repellat rerum.','Iure velit voluptatem nam dolores in illo repellat. Alias architecto delectus accusantium sed porro blanditiis ut qui. Nostrum a sequi alias eius veniam quam et. Labore saepe explicabo molestias nam.',53,0,0,'2014-02-24 10:12:24','2012-05-15 12:24:02'),(60,55,7,'Eos voluptatibus expedita molestias consequatur. Distinctio excepturi tempore nisi rerum dignissimos molestias sit nostrum. Fugit animi ipsum autem quia.','Quod error eaque nihil voluptas veniam. Est non quia qui adipisci vero omnis. Animi nam repellendus inventore qui aspernatur. Optio recusandae autem ut quae.',63,1,0,'2015-12-31 02:24:48','2016-11-25 06:47:45'),(61,89,2,'Quidem et quibusdam quo voluptate sit. Reprehenderit ratione fugiat dolores. Consequatur aut architecto et in iusto.','Harum aperiam eum omnis voluptatem ea. At et et sit omnis temporibus. Nemo nulla nesciunt officia esse consequatur reprehenderit consequatur. Quam perspiciatis voluptas voluptatem ex praesentium. Quo hic praesentium omnis veritatis quam eveniet.',40,1,1,'2020-09-16 19:17:25','2017-08-23 13:21:24'),(62,18,8,'Nisi dicta et quod voluptas quis sunt. Velit aspernatur dolores dolorem aut rerum non aut. Omnis nulla nisi quisquam quae ut.','Sint quas itaque voluptatem corporis consequatur aliquid. A voluptas minus qui adipisci repellendus sunt atque. Tenetur voluptatem libero laborum et voluptatum error autem.',39,0,1,'2012-09-04 00:13:38','2018-04-28 16:45:03'),(63,76,5,'Sit quia animi cum aut sed vero. Non aut eos sint sequi. In in deleniti possimus.','Aut nesciunt quia quas est quo nulla illum. Eum qui placeat tempora exercitationem perferendis assumenda culpa repellendus. Dolorem a sapiente nam voluptates soluta est nam voluptates. Aliquam similique sapiente eos ab.',94,1,0,'2012-03-26 18:10:39','2011-12-29 20:59:08'),(64,6,7,'Suscipit consequatur rem neque accusantium cum odit ut nulla. Facilis a enim iste voluptates eligendi. Ut et nihil voluptatem impedit perferendis. Libero eum rerum consequatur tenetur.','Consequatur molestias nemo et quibusdam. Praesentium consequatur repellat voluptatem tempora aut. Nesciunt neque exercitationem sed reprehenderit minima totam nihil culpa.',78,1,0,'2020-10-23 03:43:19','2014-09-15 03:35:38'),(65,30,9,'Adipisci ea odit quis aut et aliquam. Tempore sunt ad a qui. Libero inventore enim fugiat dolorem. Nesciunt dolore et illo sed vitae.','Aspernatur libero quisquam omnis voluptatem aut. Esse quia expedita rerum rerum saepe ex ut. Saepe nihil est libero error impedit. Ducimus quia vero et iste.',58,1,0,'2011-10-09 05:31:23','2019-03-04 11:28:11'),(66,30,6,'Aliquam nemo ab excepturi iure a quia optio. Sequi aut qui vel quo quibusdam consequatur. Ipsa facere consequatur officia est.','Ad odit et quia non in sit aspernatur. Beatae eveniet sequi labore similique natus sapiente quia. Id suscipit non quia recusandae aut. Iste ratione voluptate quidem nemo nisi quia et nisi.',83,0,1,'2016-09-21 18:28:45','2014-11-18 13:06:05'),(67,91,5,'Quae modi expedita ratione nostrum. Praesentium eaque maxime laudantium quis non. Reprehenderit omnis ut non enim enim deserunt. Quia ut animi porro labore.','Sunt quibusdam aut tempora autem. Eos modi et sint qui. Natus itaque quod voluptates illum.',66,0,1,'2017-11-26 11:21:06','2018-11-07 10:20:15'),(68,45,7,'Aut aliquam et amet voluptas fuga. Dolore maxime illo asperiores eum. Et nostrum fuga consequatur ut.\nNesciunt officiis adipisci dolores accusamus eos nisi. Est dicta voluptas officiis aut ea.','Delectus ea iusto impedit molestias. Qui et exercitationem eligendi doloremque qui excepturi eligendi. Et provident doloribus voluptas dolorem et.',5,1,1,'2018-07-13 19:35:42','2011-07-29 11:04:50'),(69,89,8,'Est eveniet et blanditiis. Perferendis a nihil cumque repudiandae. Quasi nemo rem dolores id minima impedit. Architecto neque nihil beatae illum.','Autem recusandae sint ducimus. Repellat quia dolorem qui dolor perferendis qui quia. Vel reprehenderit tenetur tempore.',78,0,0,'2011-10-26 06:55:33','2019-07-22 10:47:03'),(70,6,10,'Minima doloremque ipsum facere perferendis aliquid. Voluptatem asperiores nihil totam animi. Qui inventore explicabo in quo nisi exercitationem doloremque praesentium.','Iste numquam iste eaque nemo aliquid. Voluptate aut aut voluptas aut soluta. Similique pariatur repellat voluptatem repudiandae.',50,1,0,'2018-08-30 20:06:56','2014-07-28 21:43:11'),(71,78,3,'Maiores cupiditate voluptas expedita odit similique. Corporis rem vero quia qui.\nFugiat eius illum sequi. Sequi molestias sed qui id. Est qui quod omnis fuga esse quis.','Ratione ut ut quis error nemo. Quam neque illum natus modi vel.',99,0,1,'2015-01-22 16:29:24','2020-04-15 05:26:13'),(72,72,3,'Et facilis fugit fuga sed temporibus. Praesentium modi quas accusantium rem et. Ipsum autem consequatur molestiae voluptates quibusdam non consectetur.','Ut consequuntur perferendis repellat enim pariatur. Omnis sunt aut sed alias ullam. Ut aliquam sed consequatur optio.',95,1,0,'2016-05-12 08:32:17','2013-08-31 18:24:44'),(73,73,7,'Est et itaque totam possimus. Consequuntur dolore recusandae modi doloremque veniam. Aperiam quos et ullam aut. Ducimus porro maxime ut quisquam est.','Incidunt id deleniti aperiam rerum sit. Non corrupti reiciendis quas mollitia deserunt molestiae. Quia rerum quia aliquam nihil architecto. Illo non velit tempore voluptatem expedita necessitatibus.',60,0,1,'2015-03-20 23:46:24','2018-11-17 18:02:58'),(74,6,10,'Qui ratione veritatis qui voluptatibus. Optio ullam veritatis est eveniet et magnam nam. Ipsam minus autem labore non nisi dolorem nihil.','Nemo et sed suscipit animi repudiandae. Odit rerum doloremque ea aut voluptatem nihil iusto. Ratione natus minima a minima.',93,1,1,'2014-04-06 09:59:30','2014-12-11 17:29:33'),(75,19,7,'Provident enim in ducimus quia laboriosam iure accusamus. Optio distinctio reprehenderit nihil adipisci. Ea velit alias officiis in officia.','Velit aspernatur quisquam dolore expedita. Expedita repellat voluptatem laborum dolore. Voluptas a quis soluta nesciunt nam. Ad et omnis aut.',32,0,1,'2015-06-21 12:45:27','2013-12-17 16:34:46'),(76,23,8,'Iusto hic quia fugit labore. Nobis quia amet vitae et. Voluptatem vero quidem dolore excepturi qui aut similique. Similique amet quae sint architecto molestias itaque cumque rerum.','Voluptas alias deserunt enim id eos. Illo mollitia non nulla nobis et blanditiis minima. Aut ut unde reprehenderit quae fuga.',4,1,0,'2012-09-27 10:28:19','2018-03-24 13:53:16'),(77,86,7,'Dolorem beatae omnis rerum et. Rerum dolor voluptatem provident perferendis vitae sed.','Cum voluptates magni earum ut quaerat earum provident. Non iste doloribus qui ea. Sunt corporis laboriosam culpa et officia.',27,0,0,'2012-03-22 15:46:13','2011-12-27 02:49:08'),(78,97,5,'Illum nisi nisi dignissimos adipisci at. Ut tenetur ducimus iure libero laudantium aut. Eaque quibusdam rerum similique aut ut qui deserunt. Repellendus aut labore voluptatem quidem.','Veniam repudiandae qui voluptates. Suscipit est eum esse qui magnam. Dolor mollitia earum non et. Totam illum veniam quidem quo eum officia odio. Quisquam sit sint molestias voluptatibus.',98,0,0,'2015-06-18 12:42:07','2013-07-13 08:12:13'),(79,49,1,'Provident velit perspiciatis ex nemo. Voluptates aperiam a reprehenderit omnis voluptas. Quae ipsa magni deserunt quas.','Odio quasi reiciendis repellendus sunt vel. Repudiandae vero quod voluptas. Rerum distinctio nisi et consequuntur doloribus.',64,1,1,'2018-08-23 17:28:29','2020-03-16 00:46:29'),(80,58,6,'Consectetur dolores debitis rem laudantium fuga aliquam. Libero dolor consequatur commodi doloribus aut.','Eveniet saepe nam rerum omnis harum id. Velit consectetur impedit vel vel et eveniet ut qui. Est hic corporis quam quo blanditiis eos assumenda.',61,0,1,'2020-03-20 10:21:46','2021-04-03 04:12:18'),(81,76,3,'Laudantium qui ad facere dolor maiores nobis. Dolore culpa nesciunt et libero architecto aut ut. Asperiores blanditiis culpa quidem.','Minima nulla odio ut et. Assumenda blanditiis asperiores quae excepturi et eum recusandae. Enim at quo et commodi rerum omnis.',42,0,1,'2017-12-16 11:30:06','2018-10-04 18:47:08'),(82,76,6,'Possimus autem fuga odio voluptatem sunt voluptates provident doloribus. Occaecati iste doloribus beatae dolores cum. Dolore reprehenderit qui quis ab.','Placeat odit earum quas fugit. Blanditiis iusto quas perspiciatis sapiente eos. Et placeat delectus culpa vero. Deserunt doloribus voluptate impedit sapiente incidunt expedita odit.',53,0,1,'2021-03-21 00:49:37','2021-03-13 16:23:15'),(83,40,9,'Et rerum amet est quas nemo. Repellendus blanditiis aut et saepe est iste libero. Sunt eos excepturi officia dicta necessitatibus. Voluptas ullam vel odio.','Voluptatum odio aut quasi id ipsum. Reprehenderit deleniti eos ut quibusdam numquam doloribus rem. Ea repellendus incidunt non sed est. Tempore minus cum aperiam enim provident nihil.',83,0,1,'2015-07-08 19:05:01','2018-09-21 13:56:27'),(84,42,9,'Hic necessitatibus ut sed et. Rem atque eos dolor odit et. Debitis ut quis sint labore aut ad quasi porro.','Quas consequatur illo repudiandae. In adipisci odit autem omnis. Reprehenderit sit quia iste.',62,0,0,'2014-05-20 19:12:17','2017-03-04 22:43:12'),(85,23,4,'Et est sint cum quia autem architecto. Sit modi quas eveniet non architecto et.','Nisi unde rerum saepe perspiciatis. Assumenda nemo distinctio hic perferendis quia asperiores fugit. Eaque est facere a qui odit occaecati.',70,0,0,'2013-10-14 09:46:42','2013-10-13 15:48:05'),(86,72,4,'Et magni nihil eaque. Molestiae architecto ea atque perferendis. Sed ea voluptate qui sit molestiae quia.','Sit debitis qui inventore. Laboriosam assumenda illo dolores dolorem ab doloremque.',6,0,1,'2015-12-21 02:14:41','2014-06-26 22:49:10'),(87,68,10,'Soluta eius consequatur illum qui sapiente quod molestiae architecto. Earum voluptas fugiat autem quia et odio excepturi. Nulla sit eaque molestias laborum.','Rerum et saepe minus nihil possimus illum. Dolorem dolorem rerum et culpa a officia odit. Voluptate porro quod sunt.',100,0,1,'2019-09-09 23:32:37','2011-08-24 08:49:23'),(88,44,6,'Omnis molestias nesciunt velit. Ipsam nulla consequatur autem rem voluptatem necessitatibus sed. Voluptatem ducimus occaecati et laudantium.','Sint deserunt autem molestiae excepturi accusantium fugit est. Eligendi natus illum dignissimos recusandae. Dolorem voluptatem temporibus perspiciatis mollitia molestiae. Aperiam sint deleniti odit non commodi facilis rem.',20,0,1,'2015-05-13 17:19:43','2017-01-05 19:26:23'),(89,3,4,'Rem perspiciatis necessitatibus illum sequi minima qui ut cumque. Amet accusantium consectetur consequatur vel. Rerum eos error molestiae repellat. Iusto sed hic eius non.','Dolores illo dolorum consequatur officia. Non maxime velit quaerat dolor modi ut quia. Omnis eius dolore ea.',70,0,1,'2015-02-13 14:18:06','2017-05-21 16:31:28'),(90,1,9,'Neque quisquam iusto excepturi sed qui facilis voluptate et. Et quo qui nemo perferendis placeat repudiandae in. Aut sed excepturi optio quasi.','Quia magni aut non ex. Quaerat voluptatem qui et non. Corrupti temporibus aut dolore nihil consequatur non.',56,0,1,'2017-08-03 23:15:19','2019-08-04 22:53:52'),(91,27,9,'Ut itaque modi ullam. Praesentium adipisci perferendis esse sit. Veritatis aut provident ducimus et et consectetur cum.','Tenetur voluptas impedit a vel facere. Ipsam incidunt dicta pariatur deleniti soluta asperiores dolor a. Nulla repudiandae aut quia nihil qui. Ut eos soluta et aut et quibusdam ut aperiam.',77,0,0,'2019-04-22 01:44:22','2011-05-12 09:24:15'),(92,83,3,'Ea voluptas error explicabo harum eos et voluptatem. Quo sed repellendus sit. Maiores sit qui et.','Aliquid consequuntur vero dolorum non. Deleniti voluptatem eum ea provident quia. Labore et earum totam pariatur esse. Repellendus neque fuga rerum voluptate harum dolor temporibus aspernatur.',22,0,1,'2019-11-10 15:54:28','2011-12-11 05:55:23'),(93,66,5,'Voluptas dolores sint rerum tempore quis minima cum. Nobis mollitia aperiam id voluptate atque. Voluptatum culpa culpa tempore itaque modi voluptatem laboriosam.','Iure perferendis consequatur delectus natus veniam. Incidunt nihil est dolores quasi. Eligendi est ex voluptatibus. Sapiente molestiae blanditiis quasi occaecati delectus praesentium. Et rem vel doloribus rem voluptatem.',94,0,1,'2014-11-19 08:16:11','2019-02-18 02:45:42'),(94,13,4,'Quisquam expedita sequi voluptas eligendi voluptatem sit unde in. Ab est expedita neque velit.','Architecto velit aspernatur nam et. Aut dolor illum magnam officia labore eaque. Voluptas et dolorum hic aut deserunt quia. Mollitia facere autem voluptate voluptatem non sint. Eveniet quos dolores dolorem velit possimus nobis omnis.',11,0,1,'2015-01-10 11:05:02','2012-01-05 11:26:53'),(95,15,6,'Dicta quos accusamus sit eligendi distinctio molestias vel. Ut et enim corrupti sequi voluptas. Nihil velit eum aut ullam repellat eligendi.','Ipsum enim sint sed quidem. Aliquam veniam sed non modi. Fugit nam corrupti dolores.',95,1,0,'2019-11-15 01:46:02','2013-10-03 02:02:41'),(96,40,9,'Ipsam delectus sit illo iusto voluptatem quos odio. Tenetur consequatur impedit voluptatem. Mollitia excepturi ullam iusto quasi quo.','Aliquid provident nostrum necessitatibus quod vero deserunt. Ut nobis optio magnam. In rem tempore perferendis alias debitis itaque.',30,0,0,'2014-02-09 01:37:33','2013-10-07 09:45:54'),(97,89,6,'Rerum amet voluptas et et alias expedita est sunt. Ut illum reprehenderit eveniet. Est voluptates maiores beatae odio vero qui excepturi. Animi enim harum quaerat aliquam omnis earum tempore.','Eum et animi facere ea aspernatur molestiae dolore. Iusto temporibus aliquid nulla et libero. Impedit deleniti sed vitae molestiae.',16,0,0,'2015-09-24 21:16:51','2019-04-21 20:09:44'),(98,63,10,'Temporibus sit voluptas aut at. Inventore ex culpa architecto ut a provident dicta quae. Dolore quos mollitia quia. Vitae et maiores tempore reprehenderit explicabo at.','Ut et distinctio rem qui ad consequuntur. Placeat numquam blanditiis non. Dolor eos enim nihil.',3,0,0,'2012-12-06 00:50:04','2013-11-12 19:52:32'),(99,6,2,'Eligendi laborum consectetur ullam omnis accusamus error culpa. Vel sequi aut itaque vero voluptatum.','Qui tenetur officia qui est ut. Et modi at pariatur quia culpa dolore nihil. Nemo vero nulla libero quo iusto et unde.',41,0,0,'2018-06-10 20:49:51','2017-03-29 03:21:12'),(100,52,2,'Officia voluptatum voluptatibus corporis vel ut et. Id ducimus vitae molestias ea. Alias laudantium fuga et ex qui nihil repellat omnis. Ea ex ex quam.','Qui dolorem omnis consequuntur nostrum suscipit ab. Quam sed dolor in vel excepturi. Sed aperiam nostrum architecto. Voluptates dolor et unde sint consequatur non fuga.',56,0,1,'2012-04-23 13:06:27','2012-10-05 01:12:36');
/*!40000 ALTER TABLE `posts` ENABLE KEYS */;
UNLOCK TABLES;

--
-- Table structure for table `profiles`
--

DROP TABLE IF EXISTS `profiles`;
/*!40101 SET @saved_cs_client     = @@character_set_client */;
/*!50503 SET character_set_client = utf8mb4 */;
CREATE TABLE `profiles` (
  `user_id` int unsigned NOT NULL COMMENT '?????? ?? ????????????',
  `gender` char(1) CHARACTER SET utf8mb4 COLLATE utf8mb4_unicode_ci NOT NULL COMMENT '???',
  `birthday` date DEFAULT NULL COMMENT '???? ????????',
  `city_id` int unsigned DEFAULT NULL COMMENT '?????? ?? ????? ??????????',
  `created_at` datetime DEFAULT CURRENT_TIMESTAMP COMMENT '????? ???????? ??????',
  `updated_at` datetime DEFAULT CURRENT_TIMESTAMP ON UPDATE CURRENT_TIMESTAMP COMMENT '????? ?????????? ??????',
  PRIMARY KEY (`user_id`),
  KEY `profiles_city_id_fk` (`city_id`),
  CONSTRAINT `profiles_city_id_fk` FOREIGN KEY (`city_id`) REFERENCES `cities` (`id`) ON DELETE SET NULL,
  CONSTRAINT `profiles_user_id_fk` FOREIGN KEY (`user_id`) REFERENCES `users` (`id`) ON DELETE CASCADE
) ENGINE=InnoDB DEFAULT CHARSET=utf8mb4 COLLATE=utf8mb4_unicode_ci COMMENT='???????';
/*!40101 SET character_set_client = @saved_cs_client */;

--
-- Dumping data for table `profiles`
--

LOCK TABLES `profiles` WRITE;
/*!40000 ALTER TABLE `profiles` DISABLE KEYS */;
INSERT INTO `profiles` VALUES (1,'F','1966-11-23',41,'2021-04-09 02:57:42','2021-05-02 15:55:14'),(2,'M','1942-10-06',89,'2012-09-03 20:52:24','2021-05-02 15:55:14'),(3,'F','1927-09-28',20,'2017-10-11 04:00:29','2021-05-02 15:55:14'),(4,'M','1981-09-02',31,'2014-02-06 04:26:37','2021-05-02 15:55:14'),(5,'F','2006-08-30',96,'2014-02-09 10:00:29','2021-05-02 15:55:14'),(6,'F','2010-08-17',86,'2019-12-26 05:18:14','2021-05-02 15:55:14'),(7,'F','1932-06-28',41,'2013-12-04 23:24:25','2021-05-02 15:55:14'),(8,'M','1984-02-24',48,'2020-12-24 12:18:41','2021-05-02 15:55:14'),(9,'F','1947-04-25',15,'2014-07-30 05:49:11','2021-05-02 15:55:14'),(10,'M','2000-09-14',33,'2019-06-25 16:15:40','2021-05-02 15:55:14'),(11,'F','2006-02-15',18,'2019-08-14 23:33:44','2021-05-02 15:55:14'),(12,'F','2002-05-27',90,'2013-04-10 08:54:01','2021-05-02 15:55:14'),(13,'F','1950-04-15',95,'2014-12-28 07:32:45','2021-05-02 15:48:25'),(14,'F','1946-02-02',6,'2012-05-05 02:50:23','2021-05-02 15:55:14'),(15,'M','1930-01-13',44,'2015-07-08 15:25:51','2021-05-02 15:55:14'),(16,'F','1995-09-17',2,'2019-10-14 08:02:43','2021-05-02 15:55:14'),(17,'F','2012-01-28',78,'2014-07-17 12:57:45','2021-05-02 15:55:14'),(18,'F','2005-12-03',85,'2013-09-01 08:46:48','2021-05-02 15:55:14'),(19,'M','1986-12-29',88,'2014-08-04 12:18:29','2021-05-02 15:55:14'),(20,'M','1928-08-18',86,'2019-09-09 23:56:25','2021-05-02 15:55:14'),(21,'M','1924-06-17',65,'2011-07-03 15:56:59','2021-05-02 15:55:14'),(22,'F','1965-05-25',68,'2019-10-22 01:41:59','2021-05-02 15:55:14'),(23,'F','2015-11-10',44,'2017-10-21 12:37:04','2021-05-02 15:55:14'),(24,'F','1980-04-02',16,'2016-03-15 18:16:33','2021-05-02 15:55:14'),(25,'F','2010-05-10',47,'2012-12-16 14:35:36','2021-05-02 15:55:14'),(26,'M','1930-04-03',88,'2012-09-24 22:16:36','2021-05-02 15:55:14'),(27,'F','1990-11-18',98,'2011-08-30 07:27:01','2021-05-02 15:55:14'),(28,'M','2002-04-05',26,'2018-04-22 23:54:11','2021-05-02 15:55:14'),(29,'M','1985-12-04',36,'2012-09-17 19:48:41','2021-05-02 15:55:14'),(30,'M','1930-12-19',2,'2017-07-14 20:56:52','2021-05-02 15:55:14'),(31,'F','1960-02-24',99,'2012-03-29 15:40:27','2021-05-02 15:55:14'),(32,'F','1956-04-02',88,'2011-07-01 00:13:28','2021-05-02 15:55:14'),(33,'M','1940-07-20',44,'2012-06-26 05:24:04','2021-05-02 15:55:14'),(34,'F','1954-03-30',57,'2018-06-18 18:36:57','2021-05-02 15:55:14'),(35,'F','1990-11-13',50,'2013-01-26 10:46:18','2021-05-02 15:55:14'),(36,'F','2000-01-20',78,'2011-06-17 04:38:56','2021-05-02 15:55:14'),(37,'M','2007-08-29',40,'2017-09-21 11:47:15','2021-05-02 15:55:14'),(38,'F','1945-09-02',68,'2018-02-20 18:35:03','2021-05-02 15:55:14'),(39,'F','1944-09-28',17,'2016-12-18 21:11:05','2021-05-02 15:55:14'),(40,'M','1984-09-05',83,'2015-09-12 19:16:35','2021-05-02 15:55:14'),(41,'M','1966-05-09',63,'2014-03-14 17:51:06','2021-05-02 15:55:14'),(42,'F','1940-03-17',66,'2012-12-17 02:35:30','2021-05-02 15:55:14'),(43,'M','1946-10-20',42,'2017-10-23 00:37:14','2021-05-02 15:55:14'),(44,'F','1924-01-24',8,'2020-01-26 22:53:25','2021-05-02 15:55:14'),(45,'M','1954-07-26',15,'2016-11-30 23:00:47','2021-05-02 15:55:14'),(46,'M','2011-01-30',50,'2017-04-15 05:23:42','2021-05-02 15:55:14'),(47,'F','1928-02-04',6,'2011-08-31 22:25:30','2021-05-02 15:55:14'),(48,'F','1953-12-29',77,'2012-08-22 20:59:04','2021-05-02 15:55:14'),(49,'F','1926-06-19',68,'2017-12-05 23:19:31','2021-05-02 15:55:14'),(50,'F','1964-09-15',10,'2012-04-13 20:46:50','2021-05-02 15:55:14'),(51,'F','2007-03-20',44,'2011-08-09 12:52:33','2021-05-02 15:55:14'),(52,'M','1955-04-30',88,'2012-11-10 10:27:01','2021-05-02 15:55:14'),(53,'F','1940-12-09',8,'2019-08-06 03:39:01','2021-05-02 15:55:14'),(54,'M','1988-08-31',76,'2019-07-22 19:00:56','2021-05-02 15:55:14'),(55,'M','1974-03-15',53,'2014-10-24 18:12:34','2021-05-02 15:55:14'),(56,'F','1939-12-04',40,'2019-01-01 09:30:34','2021-05-02 15:55:14'),(57,'M','1992-12-19',39,'2011-09-03 11:33:32','2021-05-02 15:55:14'),(58,'F','2001-01-01',77,'2014-07-25 20:56:33','2021-05-02 15:55:14'),(59,'F','1991-12-06',64,'2017-12-12 22:16:00','2021-05-02 15:55:14'),(60,'M','2020-09-19',91,'2020-07-06 16:07:37','2021-05-02 15:55:14'),(61,'F','2017-12-31',63,'2014-07-13 18:56:58','2021-05-02 15:55:14'),(62,'F','1953-01-19',40,'2018-05-01 12:43:45','2021-05-02 15:55:14'),(63,'F','1954-12-04',11,'2018-08-13 03:57:45','2021-05-02 15:55:14'),(64,'F','2006-05-17',33,'2016-10-26 19:33:20','2021-05-02 15:55:14'),(65,'F','1942-12-19',30,'2019-11-19 12:24:20','2021-05-02 15:55:14'),(66,'F','1997-02-13',54,'2013-04-04 07:09:59','2021-05-02 15:55:14'),(67,'M','1988-11-22',79,'2020-11-12 08:34:54','2021-05-02 15:55:14'),(68,'M','1957-05-27',33,'2017-04-11 08:20:58','2021-05-02 15:55:14'),(69,'F','1981-01-27',28,'2012-02-24 16:45:55','2021-05-02 15:55:14'),(70,'F','1995-08-17',38,'2011-05-01 13:03:28','2021-05-02 15:55:14'),(71,'M','2021-04-25',5,'2015-08-10 11:06:53','2021-05-02 15:55:14'),(72,'F','1968-03-18',10,'2019-10-02 20:25:34','2021-05-02 15:55:14'),(73,'F','2019-11-10',38,'2011-08-29 18:38:54','2021-05-02 15:55:14'),(74,'F','1925-07-25',56,'2019-09-11 07:36:14','2021-05-02 15:55:14'),(75,'F','1976-11-27',68,'2014-05-28 13:41:20','2021-05-02 15:55:14'),(76,'F','1946-02-20',69,'2019-09-29 19:03:46','2021-05-02 15:55:14'),(77,'M','1986-02-16',42,'2017-02-07 10:18:17','2021-05-02 15:55:14'),(78,'F','1987-04-13',2,'2020-02-24 01:20:27','2021-05-02 15:55:14'),(79,'M','1935-05-09',84,'2019-12-16 18:01:58','2021-05-02 15:55:14'),(80,'M','2011-06-23',12,'2014-11-17 13:07:06','2021-05-02 15:55:14'),(81,'M','1928-07-27',9,'2019-07-14 05:36:16','2021-05-02 15:55:14'),(82,'M','1951-12-22',10,'2018-03-12 08:30:57','2021-05-02 15:55:14'),(83,'M','1972-09-30',21,'2012-06-08 15:58:36','2021-05-02 15:55:14'),(84,'F','1934-01-28',72,'2019-01-16 22:02:15','2021-05-02 15:55:14'),(85,'M','1981-09-10',100,'2020-12-24 08:42:55','2021-05-02 15:55:14'),(86,'F','1976-04-17',84,'2019-02-17 19:09:40','2021-05-02 15:55:14'),(87,'M','2017-05-24',19,'2019-12-31 11:45:52','2021-05-02 15:55:14'),(88,'M','1984-10-16',42,'2019-10-17 19:19:54','2021-05-02 15:55:14'),(89,'M','2005-02-06',54,'2014-09-06 23:34:01','2021-05-02 15:55:14'),(90,'M','1957-10-27',43,'2017-10-30 21:03:01','2021-05-02 15:55:14'),(91,'F','1953-01-24',51,'2021-03-19 14:14:16','2021-05-02 15:55:14'),(92,'M','2000-07-29',24,'2018-07-10 21:58:59','2021-05-02 15:55:14'),(93,'M','1946-02-26',69,'2018-08-20 12:39:41','2021-05-02 15:55:14'),(94,'M','2009-03-15',72,'2014-08-19 15:37:58','2021-05-02 15:55:14'),(95,'M','1925-11-21',51,'2011-10-30 19:27:25','2021-05-02 15:55:14'),(96,'M','1983-08-07',38,'2013-06-07 10:29:29','2021-05-02 15:55:14'),(97,'F','1963-11-27',39,'2017-10-27 17:08:25','2021-05-02 15:55:14'),(98,'F','2012-02-24',81,'2015-04-09 04:50:01','2021-05-02 15:55:14'),(99,'M','1977-12-08',88,'2020-08-12 01:36:11','2021-05-02 15:55:14'),(100,'M','1940-01-14',96,'2018-11-09 14:06:04','2021-05-02 15:55:14');
/*!40000 ALTER TABLE `profiles` ENABLE KEYS */;
UNLOCK TABLES;

--
-- Table structure for table `users`
--

DROP TABLE IF EXISTS `users`;
/*!40101 SET @saved_cs_client     = @@character_set_client */;
/*!50503 SET character_set_client = utf8mb4 */;
CREATE TABLE `users` (
  `id` int unsigned NOT NULL AUTO_INCREMENT COMMENT '????????????? ??????',
  `first_name` varchar(100) CHARACTER SET utf8mb4 COLLATE utf8mb4_unicode_ci NOT NULL COMMENT '??? ????????????',
  `last_name` varchar(100) CHARACTER SET utf8mb4 COLLATE utf8mb4_unicode_ci NOT NULL COMMENT '??????? ????????????',
  `email` varchar(100) CHARACTER SET utf8mb4 COLLATE utf8mb4_unicode_ci NOT NULL COMMENT '?????',
  `phone` varchar(100) CHARACTER SET utf8mb4 COLLATE utf8mb4_unicode_ci NOT NULL COMMENT '???????',
  `created_at` datetime DEFAULT CURRENT_TIMESTAMP COMMENT '????? ???????? ??????',
  `updated_at` datetime DEFAULT CURRENT_TIMESTAMP ON UPDATE CURRENT_TIMESTAMP COMMENT '????? ?????????? ??????',
  PRIMARY KEY (`id`),
  UNIQUE KEY `email` (`email`),
  UNIQUE KEY `phone` (`phone`)
) ENGINE=InnoDB AUTO_INCREMENT=101 DEFAULT CHARSET=utf8mb4 COLLATE=utf8mb4_unicode_ci COMMENT='????????????';
/*!40101 SET character_set_client = @saved_cs_client */;

--
-- Dumping data for table `users`
--

LOCK TABLES `users` WRITE;
/*!40000 ALTER TABLE `users` DISABLE KEYS */;
INSERT INTO `users` VALUES (1,'Gretchen','Bernier','hwill@example.org','+85(9)4583248550','2018-03-26 20:17:45','2021-05-02 15:28:16'),(2,'Maximo','Pagac','gulgowski.raheem@example.com','404-381-8659','2014-03-03 13:43:12','2021-05-02 15:28:16'),(3,'Rahul','Quitzon','eldred80@example.net','1-192-906-9592','2018-01-21 13:31:36','2018-04-08 12:55:36'),(4,'Immanuel','Ruecker','adeline.mitchell@example.net','(676)990-3200','2018-10-04 12:14:09','2020-04-12 19:53:50'),(5,'Casimir','Lind','azemlak@example.org','(527)285-5903','2017-05-26 15:13:56','2021-05-02 15:28:16'),(6,'Kraig','Armstrong','candelario.beier@example.net','(648)454-2570','2016-09-28 23:24:11','2020-12-29 17:00:25'),(7,'Julie','McDermott','carrie.mueller@example.net','178-932-6331x23964','2017-08-20 10:06:48','2021-05-02 15:28:16'),(8,'Kay','Jacobs','lcollins@example.com','070.126.1865','2020-04-11 10:51:44','2021-05-02 15:28:16'),(9,'Madeline','Boyer','hodkiewicz.jacinthe@example.org','+82(8)0960411675','2017-06-15 20:43:00','2021-05-02 15:28:16'),(10,'Bryana','Marvin','antoinette.kuvalis@example.org','950.897.9280x718','2020-07-06 14:04:02','2021-05-02 15:28:16'),(11,'Eden','Nikolaus','maurice31@example.com','914.357.5285x0790','2012-07-12 02:26:25','2021-05-02 15:28:16'),(12,'Lue','Christiansen','hblick@example.org','1-816-566-0196','2015-12-06 04:23:09','2021-05-02 15:28:16'),(13,'Manuel','Herzog','kristoffer32@example.com','197-380-6997','2015-07-29 17:16:02','2017-08-23 05:38:39'),(14,'Winston','Hermann','hazle47@example.net','(278)441-7538x16757','2014-07-19 00:37:43','2020-02-24 22:56:51'),(15,'Tristin','Kiehn','jquitzon@example.org','1-910-926-1556x34477','2016-09-09 02:59:51','2018-04-02 16:42:29'),(16,'Sammie','Little','laurine48@example.net','228-304-3431x36106','2018-04-03 19:01:45','2021-05-02 15:28:16'),(17,'Joelle','Mohr','mavis97@example.net','429.615.7575x566','2012-09-13 16:07:01','2020-12-17 01:22:19'),(18,'Darby','Schmidt','runolfsson.nathanial@example.net','513.112.7770','2015-01-24 07:20:25','2021-05-02 15:28:16'),(19,'Orion','Mohr','elisha51@example.org','(910)900-5135x09634','2016-06-10 04:59:50','2021-05-02 15:28:16'),(20,'Ed','Kozey','rodger59@example.com','054-203-1998x5025','2015-02-03 15:27:21','2017-09-18 10:29:03'),(21,'Hanna','Beatty','nathen22@example.com','485.079.4680x9702','2017-07-26 14:29:16','2021-05-02 15:28:16'),(22,'Jackeline','Prohaska','marc13@example.net','(772)286-0638x7717','2019-07-31 02:23:34','2021-05-02 15:28:16'),(23,'Lucile','Schuppe','beichmann@example.net','(743)933-0064','2019-01-06 18:13:22','2020-05-28 12:32:02'),(24,'Jerry','Fisher','cleve.wisozk@example.net','+03(3)5979849156','2018-12-13 02:33:54','2020-03-06 00:44:39'),(25,'Lesly','Klocko','dokuneva@example.org','1-371-437-4792x82028','2018-01-05 17:33:22','2020-11-20 05:38:17'),(26,'Mireya','Abshire','mann.christopher@example.com','1-057-707-5358x469','2016-09-02 03:21:48','2017-10-09 05:59:07'),(27,'Mikel','Wisoky','jacynthe82@example.net','(787)562-7376x56545','2017-08-21 06:02:54','2020-07-31 06:42:03'),(28,'Glenna','Rippin','rogers30@example.net','(182)673-1686x001','2012-02-19 15:15:05','2020-08-06 05:51:48'),(29,'Isaac','Mertz','gerda.miller@example.org','(643)839-8337x775','2018-08-13 16:13:30','2021-05-02 15:28:16'),(30,'Carmella','Connelly','renner.dameon@example.net','771-153-3153','2019-02-23 17:04:52','2021-05-02 15:28:16'),(31,'Barbara','Willms','beier.gail@example.net','(166)319-5629x609','2012-05-31 14:25:41','2016-07-08 22:43:58'),(32,'Jocelyn','O\'Hara','gframi@example.net','544-724-1708x23417','2020-07-23 08:39:12','2021-05-02 15:28:16'),(33,'Anika','Orn','lind.mckenzie@example.org','1-769-326-1107x3967','2020-11-01 18:48:26','2021-05-02 15:28:16'),(34,'Devin','Prohaska','dreilly@example.com','516-165-8513','2017-09-26 17:14:46','2017-11-30 17:13:30'),(35,'Eddie','Kshlerin','amos.schmidt@example.org','(375)129-5026','2019-07-21 18:29:17','2021-05-02 15:28:16'),(36,'Melany','Lebsack','betsy.gulgowski@example.com','(264)064-0079x25178','2016-04-15 00:25:32','2016-10-10 16:23:07'),(37,'Penelope','Daniel','jkessler@example.com','(820)862-0320','2016-06-16 02:36:12','2021-05-02 15:28:16'),(38,'Ramiro','Harvey','rtorphy@example.org','224-374-3853','2018-10-25 04:12:12','2021-05-02 15:28:16'),(39,'Keshaun','Kreiger','martin.towne@example.com','+87(3)0403951512','2020-08-26 07:48:51','2021-05-02 15:28:16'),(40,'Nestor','Kassulke','zsenger@example.com','217-288-5602x304','2018-12-03 06:01:41','2021-05-02 15:28:16'),(41,'Arthur','Hodkiewicz','angus.hickle@example.org','1-445-383-9593x97852','2014-02-04 13:35:41','2021-05-02 15:28:16'),(42,'Ambrose','Yost','kuhic.gilbert@example.org','1-320-766-4565x5651','2013-12-28 11:26:43','2021-05-02 15:28:16'),(43,'Amie','Franecki','clementine79@example.net','269-043-9377x6726','2014-12-02 08:02:46','2019-03-17 15:51:17'),(44,'Carmella','Walter','elwin.goyette@example.com','1-548-355-1074x472','2019-04-28 21:20:07','2020-07-03 13:11:08'),(45,'Collin','Hoppe','merl63@example.com','187-397-4673','2021-03-21 09:42:34','2021-05-02 15:28:16'),(46,'Kelley','Kautzer','angelita.heller@example.com','1-914-231-5303','2020-10-08 22:51:39','2021-01-08 04:37:30'),(47,'Kareem','Kuphal','lincoln.weimann@example.net','(971)984-9822','2015-12-30 08:45:08','2021-05-02 15:28:16'),(48,'Martina','Kuhic','donnelly.sheldon@example.net','349.066.0149','2015-07-14 20:37:29','2021-05-02 15:28:16'),(49,'Abigail','Effertz','claudine92@example.org','101.992.0638x5723','2016-06-04 14:05:04','2021-05-02 15:28:16'),(50,'Anabel','Dach','rhegmann@example.com','(164)720-5196x1789','2020-09-20 08:20:19','2021-05-02 15:28:16'),(51,'Johnathon','Bode','torphy.marisol@example.net','1-052-162-1756','2015-11-20 17:26:49','2021-01-07 08:57:39'),(52,'Abagail','Weber','emilie05@example.net','416.000.4332x824','2019-02-27 01:41:28','2021-05-02 15:28:16'),(53,'Wilford','Feest','gladyce78@example.net','(163)754-5250x824','2015-12-20 11:10:16','2021-05-02 15:28:16'),(54,'Lacy','Grant','hhagenes@example.net','781.584.2214','2021-01-05 10:39:45','2021-05-02 15:28:16'),(55,'Lizeth','Osinski','shessel@example.net','828-992-8580','2016-03-30 08:43:35','2021-05-02 15:28:16'),(56,'Josiane','Schinner','carroll.mia@example.org','(301)595-9893','2020-07-02 08:33:35','2021-05-02 15:28:16'),(57,'Taurean','Sanford','mcummerata@example.com','(748)984-1416x2207','2021-03-25 23:17:45','2021-05-02 15:28:16'),(58,'Cooper','Crooks','haven.wuckert@example.net','1-647-193-1344','2017-02-25 13:35:39','2021-05-02 15:28:16'),(59,'Rigoberto','Sporer','wtremblay@example.org','261.188.9902x82870','2020-09-01 19:44:48','2021-05-02 15:28:16'),(60,'Georgette','Berge','tess56@example.net','1-288-167-2157','2012-06-16 01:38:23','2019-08-23 04:56:27'),(61,'Reyna','O\'Hara','mberge@example.net','070-484-9948x4422','2013-02-27 23:08:44','2020-08-01 01:10:57'),(62,'George','Stark','bert.kshlerin@example.net','341.731.9849','2016-04-06 23:56:22','2021-05-02 15:28:16'),(63,'Caroline','Price','cormier.madilyn@example.com','1-583-083-0152','2020-11-15 05:25:39','2021-05-02 15:28:16'),(64,'Jade','Hansen','lavon78@example.org','986-924-8424x395','2012-11-18 04:17:36','2018-01-21 23:13:42'),(65,'Jabari','Hodkiewicz','toy92@example.net','1-678-766-1616','2015-10-26 08:35:09','2021-05-02 15:28:16'),(66,'Sarai','Labadie','satterfield.evangeline@example.org','+00(1)2731411126','2012-04-18 16:52:54','2013-10-20 08:13:41'),(67,'Hayley','Renner','willms.weston@example.org','1-828-187-9225','2014-12-09 21:26:21','2017-07-22 23:23:47'),(68,'Vicente','Kling','eriberto.towne@example.com','(387)983-5638x28432','2018-06-22 10:47:50','2021-05-02 15:28:16'),(69,'Rafael','Wiegand','kiera.mayert@example.net','1-592-748-9125x686','2014-03-17 14:25:49','2021-05-02 15:28:16'),(70,'Frances','Farrell','pgrimes@example.com','948-304-8146x1706','2020-05-20 06:26:09','2021-05-02 15:28:16'),(71,'Letha','Nicolas','xmills@example.net','+27(1)8001267364','2013-09-12 09:39:23','2019-09-15 01:42:26'),(72,'Josephine','Satterfield','bahringer.irma@example.com','(233)552-7504','2014-05-20 17:44:46','2018-10-27 09:58:11'),(73,'Ofelia','Cole','lavonne.gerhold@example.org','332.522.7121x787','2017-08-25 19:22:38','2021-05-02 15:28:16'),(74,'Chaz','Terry','leda.schuppe@example.org','991.942.2589','2019-07-17 07:40:57','2021-05-02 15:28:16'),(75,'Addie','Deckow','aaliyah.lockman@example.org','1-581-647-3533','2018-12-19 05:52:04','2021-05-02 15:28:16'),(76,'Tad','Marks','zgrimes@example.org','(070)544-1374x52847','2016-02-27 23:00:07','2021-05-02 15:28:16'),(77,'Jermaine','Hickle','koepp.ansley@example.com','+68(7)0248267317','2011-06-04 09:21:23','2018-08-06 06:10:07'),(78,'Izabella','Turcotte','amina.altenwerth@example.com','03341487958','2012-01-23 21:57:09','2014-03-18 21:59:04'),(79,'Marta','Barrows','marcus23@example.com','1-788-079-1359','2019-08-17 21:14:12','2021-05-02 15:28:16'),(80,'Hubert','Runolfsson','darwin48@example.net','498.571.6663x92240','2018-11-13 01:33:51','2021-05-02 15:28:16'),(81,'Hipolito','Torp','lexi21@example.org','196.749.9473x85929','2018-03-26 14:35:23','2021-05-02 15:28:16'),(82,'Ernestina','O\'Reilly','mohr.corine@example.net','(366)702-7653x208','2017-08-05 16:11:00','2021-05-02 15:28:16'),(83,'Agustin','Treutel','chanel84@example.com','940-636-4919x3360','2012-09-05 09:38:09','2013-09-24 17:33:46'),(84,'Kenny','Monahan','madisen18@example.com','1-476-683-2175x70264','2012-04-21 17:46:08','2017-02-15 14:46:20'),(85,'Daniella','Bayer','will.carole@example.org','1-095-376-9546','2013-03-29 15:49:19','2017-08-26 17:19:25'),(86,'Evalyn','Moore','arielle.mosciski@example.org','(967)438-0453','2013-11-16 03:16:12','2021-01-17 00:34:45'),(87,'Amya','Abbott','rohan.kailee@example.org','002-672-6049','2019-09-23 04:31:56','2021-02-25 22:00:06'),(88,'Maud','Franecki','ykertzmann@example.net','492.292.5860','2013-04-05 07:46:43','2014-04-28 00:00:36'),(89,'Gianni','Rau','kuhlman.finn@example.com','(266)739-9346','2012-05-23 11:46:59','2021-05-02 15:28:16'),(90,'Leanna','Smitham','switting@example.com','560-641-2256','2017-10-31 21:01:06','2021-05-02 15:28:16'),(91,'Charity','Lubowitz','maxime53@example.com','438.460.7289x332','2015-06-07 10:47:10','2021-05-02 15:28:16'),(92,'Bert','Rosenbaum','tromp.johanna@example.org','(130)746-3418x99734','2013-03-21 10:23:19','2017-08-25 09:37:07'),(93,'Violet','Swift','emmitt31@example.com','413-199-4512x3683','2012-05-28 19:26:00','2012-07-02 05:06:42'),(94,'Orlando','Hickle','verona80@example.org','1-013-880-5855','2018-11-27 00:07:22','2021-01-21 16:40:39'),(95,'Henri','Bosco','leuschke.glenna@example.org','933-080-3982x8776','2018-07-14 23:24:30','2019-12-10 02:35:05'),(96,'Keyon','Grady','daniel.della@example.com','(799)568-0302x77658','2016-10-09 18:44:07','2021-05-02 15:28:16'),(97,'Adrianna','Aufderhar','lewis.cummerata@example.net','+36(2)4286807806','2017-02-04 23:54:31','2018-06-07 07:29:20'),(98,'Birdie','Ebert','ohaley@example.org','+03(2)7584124076','2019-04-04 09:03:29','2021-05-02 15:28:16'),(99,'Piper','Wiegand','hannah14@example.org','(421)207-4535x824','2013-07-19 14:07:20','2016-12-26 10:36:32'),(100,'Marjolaine','Anderson','ebode@example.org','(973)891-6643x117','2017-09-23 23:29:02','2021-05-02 15:28:16');
/*!40000 ALTER TABLE `users` ENABLE KEYS */;
UNLOCK TABLES;

--
-- Dumping routines for database 'vk'
--
/*!40103 SET TIME_ZONE=@OLD_TIME_ZONE */;

/*!40101 SET SQL_MODE=@OLD_SQL_MODE */;
/*!40014 SET FOREIGN_KEY_CHECKS=@OLD_FOREIGN_KEY_CHECKS */;
/*!40014 SET UNIQUE_CHECKS=@OLD_UNIQUE_CHECKS */;
/*!40101 SET CHARACTER_SET_CLIENT=@OLD_CHARACTER_SET_CLIENT */;
/*!40101 SET CHARACTER_SET_RESULTS=@OLD_CHARACTER_SET_RESULTS */;
/*!40101 SET COLLATION_CONNECTION=@OLD_COLLATION_CONNECTION */;
/*!40111 SET SQL_NOTES=@OLD_SQL_NOTES */;

-- Dump completed on 2021-05-12 18:06:58
